timestamp,pv_kwh,gshp_kwh,ashp_kwh,pac_kwh,offtake_kwh,feedin_kwh,t_ballon,t_sol,t_ext
2026-05-15 08:00:00,5.319922417147858,4.053321361541748,2.569516897201538,6.622838258743286,0,0,34.79999923706055,17.299999237060547,11.699999809265137
2026-05-15 08:15:00,5.168994077249937,4.008411884307861,2.5435421466827393,6.551954030990601,0,3.3809999999994034,34.766666412353516,17.299999237060547,11.866666793823242
2026-05-15 08:30:00,5.326611660596954,4.026436805725098,2.5593366622924805,6.585773468017578,0,2.3060000000004948,34.666666666666664,17.299999237060547,12.200000127156576
2026-05-15 08:45:00,5.435686537384408,4.019759654998779,2.6120736598968506,6.63183331489563,0,3.850000000000364,34.333333333333336,17.399999618530273,12.300000190734863
2026-05-15 09:00:00,5.487957674718878,4.040894985198975,2.561553478240967,6.602448463439941,0,4.9539999999997235,32.43333307902018,17.399999618530273,12.46666653951009
2026-05-15 09:15:00,5.685491399303127,4.005556106567383,0,4.005556106567383,0,1.2810000000008586,30.899999618530273,17.399999618530273,12.46666653951009
2026-05-15 09:30:00,5.923087478096172,3.9968831539154057,0,3.9968831539154057,0,4.06499999999869,31.633333206176758,17.399999618530273,13.199999809265137
2026-05-15 09:45:00,5.743720715228869,4.003434658050537,0,4.003434658050537,0,2.506999999999607,32.63333257039388,17.399999618530273,13.433333396911621
2026-05-15 10:00:00,5.2599019923204455,4.08193302154541,0,4.08193302154541,0,5.356999999999971,33.56666564941406,17.399999618530273,13.96666653951009
2026-05-15 10:15:00,4.9296434427981115,4.084846496582031,0,4.084846496582031,0,1.8690000000005966,34.333333333333336,17.46666653951009,14.666666666666666
2026-05-15 10:30:00,4.738323769505373,4.0578932762146,0,4.0578932762146,0,2.5210000000006403,34.833333333333336,17.5,13.733333587646484
2026-05-15 10:45:00,4.992515020571041,4.0531110763549805,0,4.0531110763549805,0,1.5720000000001164,34.96666717529297,17.5,12.066666603088379
2026-05-15 11:00:00,5.077026118135582,4.023281097412109,2.5032339096069336,6.526515007019043,0,0.9110000000000582,34.900001525878906,17.566666920979817,10.233333269755045
2026-05-15 11:15:00,5.074759817076326,4.047536373138428,2.554896593093872,6.6024329662323,0,1.768000000000029,34.900001525878906,17.600000381469727,11.133333206176758
2026-05-15 11:30:00,5.435247898469713,4.113350868225098,2.4926538467407227,6.60600471496582,0,5.457999999998719,34.86666742960612,17.600000381469727,11.633333206176758
2026-05-15 11:45:00,5.929593955330813,4.090336322784424,2.5169057846069336,6.607242107391357,0,0.6390000000010332,34.766666412353516,17.600000381469727,12.166666984558107
2026-05-15 12:00:00,6.4288015934964475,4.046861171722412,2.5650949478149414,6.6119561195373535,0,0.4169999999994616,34.333333333333336,17.600000381469727,11.666666984558107
2026-05-15 12:15:00,6.754673753871833,4.075745105743408,2.5583553314208984,6.634100437164307,0,2.3220000000001164,31.50000063578288,17.700000762939453,12.166666666666666
2026-05-15 12:30:00,6.987371698117452,4.060100078582764,0,4.060100078582764,0,2.100000000000364,30.766667048136394,17.700000762939453,12.066666603088379
2026-05-15 12:45:00,6.9294348081348405,4.027266025543213,0,4.027266025543213,0,0.6639999999988504,31.599999745686848,17.700000762939453,10.933333396911621
2026-05-15 13:00:00,6.503370208994572,4.093029499053955,0,4.093029499053955,0,4.353000000000975,32.800000508626304,17.700000762939453,12.133333206176758
2026-05-15 13:15:00,5.774973737900877,4.1198320388793945,0,4.1198320388793945,0,3.8029999999998836,33.800000508626304,17.700000762939453,12.333333333333334
2026-05-15 13:30:00,5.167568500777179,4.100161075592041,0,4.100161075592041,0,4.822000000000116,34.36666742960612,17.799999237060547,12.966666857401531
2026-05-15 13:45:00,4.656152079485871,4.065021514892578,0,4.065021514892578,0,4.466000000000349,34.699999491373696,17.799999237060547,13.366666793823242
2026-05-15 14:00:00,4.012303259199608,4.035319805145264,0,4.035319805145264,0,3.8189999999995052,34.93333435058594,17.799999237060547,13.366666793823242
2026-05-15 14:15:00,3.3237132696144704,4.049838542938232,0,4.049838542938232,0,3.511000000000422,34.900001525878906,17.899999618530273,13.166666666666666
2026-05-15 14:30:00,2.9952092757509163,4.113949298858643,2.5659055709838867,6.679854869842529,0,3.867000000000189,34.900001525878906,17.899999618530273,13.200000127156576
2026-05-15 14:45:00,2.873706296380442,4.001410484313965,2.461850166320801,6.463260650634766,0,1.1980000000003201,34.900001525878906,17.899999618530273,12.333333333333334
2026-05-15 15:00:00,2.845121660439494,3.972333431243897,2.4914770126342773,6.463810443878174,0,0.7599999999983993,34.833333333333336,17.96666653951009,10.333333333333334
2026-05-15 15:15:00,2.779216163506592,4.035909175872803,2.5186927318573,6.5546019077301025,0,1.3610000000007858,34.699999491373696,18,9.966666857401531
2026-05-15 15:30:00,2.652851602831583,4.030053615570068,2.4079461097717285,6.437999725341797,0,1.9760000000005675,33.93333307902018,18,10.166666666666666
2026-05-15 15:45:00,2.498633471073451,4.023782253265381,2.486000061035156,6.509782314300537,0,1.1639999999988504,31.266667048136394,18,10.333333333333334
2026-05-15 16:00:00,2.203831567155618,4.017063617706299,0,4.017063617706299,0,0.7650000000012369,31.133333206176758,18,10.46666653951009
2026-05-15 16:15:00,1.9689038750936327,4.005274772644043,0,4.005274772644043,0,1.0029999999987922,32.29999987284342,18,10.800000190734863
2026-05-15 16:30:00,1.808800671230011,3.992173910140991,0,3.992173910140991,0,1.0270000000000437,33.40000025431315,18.03333346048991,11.699999809265137
2026-05-15 16:45:00,1.603407999424146,3.990476369857788,0,3.990476369857788,0,1.0740000000005239,34.36666615804037,18.100000381469727,11.566666285196938
2026-05-15 17:00:00,1.4542707684278957,3.9919283390045166,0,3.9919283390045166,0,0.805000000000291,34.90000025431315,18.100000381469727,11.633333524068197
2026-05-15 17:15:00,1.3181464919009263,3.997065782546997,0,3.997065782546997,0,0.6549999999988358,34.93333435058594,18.100000381469727,11.633333206176758
2026-05-15 17:30:00,1.088774892758409,3.980090379714966,2.426194667816162,6.406285047531128,0,0.30500000000029104,34.900001525878906,18.100000381469727,10.866666793823242
2026-05-15 17:45:00,0.839591435968841,3.991945505142212,2.4720165729522705,6.463962078094482,0,0.25900000000001455,34.900001525878906,18.100000381469727,10.100000063578287
2026-05-15 18:00:00,0.5861312497609981,3.9856185913085938,2.4007320404052734,6.386350631713867,0,0.30600000000049477,34.900001525878906,18.100000381469727,10.200000127156576
2026-05-15 18:15:00,0.41608556383095985,3.9765830039978023,2.39524507522583,6.371828079223633,0,0.3719999999993888,34.79999923706055,18.200000762939453,10.233333269755045
2026-05-15 18:30:00,0.24479706764261952,3.969390392303467,2.416921377182007,6.386311769485474,0,0.40099999999983993,34.699999491373696,18.200000762939453,10.233333269755045
2026-05-15 18:45:00,0.10684512897108808,3.959470272064209,2.3991243839263916,6.358594655990601,0,0.2430000000003929,33.36666742960612,18.200000762939453,10.100000063578287
2026-05-15 19:00:00,0.017106917673099287,3.9528093338012695,0,3.9528093338012695,0.6699999999982538,0.0010000000002037268,30.46666653951009,18.166667302449543,10.066666603088379
2026-05-15 19:15:00,2.193194573474268e-4,3.986391067504883,0,3.986391067504883,1.0910000000003492,0,30.766666412353516,18.100000381469727,9.899999936421713
2026-05-15 19:30:00,0,4.003780364990234,0,4.003780364990234,1.2660000000032596,0,31.766667048136394,18.100000381469727,9.399999936421713
2026-05-15 19:45:00,0,3.9924914836883545,0,3.9924914836883545,1.2370000000009895,0,32.96666590372721,18.100000381469727,8.933333396911621
2026-05-15 20:00:00,0,4.005239009857178,0,4.005239009857178,1.0579999999972642,0,33.90000025431315,18.100000381469727,8.633333206176758
2026-05-15 20:15:00,0,3.998847961425781,0,3.998847961425781,0.8550000000032014,0,34.53333282470703,18.100000381469727,8.366666793823242
2026-05-15 20:30:00,0,4.00092077255249,0,4.00092077255249,0.6549999999988358,0,34.833334604899086,18.100000381469727,8.366666793823242
2026-05-15 20:45:00,0,4.016655445098877,0,4.016655445098877,0.07899999999790452,0,34.900001525878906,18.100000381469727,8.366666793823242
2026-05-15 21:00:00,0,4.027170658111572,2.4565646648406982,6.4837353229522705,0.08000000000174623,0,34.900001525878906,18.100000381469727,8.066666603088379
2026-05-15 21:15:00,0,4.040822505950928,2.574122905731201,6.614945411682129,0.07899999999790452,0,34.86666742960612,18.100000381469727,7.866666793823242
2026-05-15 21:30:00,0,4.053911209106445,2.5591535568237305,6.613064765930176,0.07699999999749707,0,34.79999923706055,18.100000381469727,7.699999968210856
2026-05-15 21:45:00,0,4.066679000854492,2.4908218383789062,6.557500839233398,0.07800000000133878,0,34.79999923706055,18.100000381469727,7.4666666984558105
2026-05-15 22:00:00,0,4.004734516143799,2.511334180831909,6.516068696975708,0.07700000000477303,0,34.733333587646484,18,7.266666730244954
2026-05-15 22:15:00,0,3.979531764984131,2.4133639335632324,6.392895698547363,0.07699999999749707,0,34.53333282470703,18,7.1333333651224775
2026-05-15 22:30:00,0,3.981874227523804,2.427330255508423,6.409204483032227,0.07600000000093132,0,33.56666564941406,18,7
2026-05-15 22:45:00,0,3.99415922164917,0,3.99415922164917,0.7569999999977881,0,30.833332697550457,18,6.599999904632568
2026-05-15 23:00:00,0,3.9952609539031982,0,3.9952609539031982,1.0800000000017462,0,31.5,17.899999618530273,6.266666571299235
2026-05-15 23:15:00,0,4.013424873352051,0,4.013424873352051,1.0999999999985448,0,32.59999974568685,17.899999618530273,6.300000190734863
2026-05-15 23:30:00,0,4.025140285491943,0,4.025140285491943,0.9720000000015716,0,33.59999974568685,17.899999618530273,6.066666603088379
2026-05-15 23:45:00,0,4.0345377922058105,0,4.0345377922058105,0.7949999999982538,0,34.36666615804037,17.866666158040363,6.166666507720947
2026-05-16 00:00:00,0,4.051437854766846,0,4.051437854766846,0.658000000003085,0,34.85000038146973,17.799999237060547,6.1499998569488525
2026-05-16 00:15:00,0,4.044860363006592,0,4.044860363006592,0.3249999999970896,0,34.96666717529297,17.799999237060547,6.199999809265137
2026-05-16 00:30:00,0,4.069056987762451,0,4.069056987762451,0.07699999999749707,0,34.93333435058594,17.799999237060547,6.333333492279053
2026-05-16 00:45:00,0,4.0622663497924805,2.4754998683929443,6.537766218185425,0.07700000000477303,0,34.900001525878906,17.766666412353516,6.300000190734863
2026-05-16 01:00:00,0,4.069735050201416,2.4922525882720947,6.561987638473511,0.07699999999749707,0,34.900001525878906,17.700000762939453,6.433333396911621
2026-05-16 01:15:00,0,4.0413432121276855,2.4648587703704834,6.506201982498169,0.07800000000133878,0,34.833333333333336,17.700000762939453,6.300000190734863
2026-05-16 01:30:00,0,4.020166873931885,2.5705502033233643,6.590717077255249,0.07800000000133878,0,34.79999923706055,17.700000762939453,6.366666793823242
2026-05-16 01:45:00,0,4.010153293609619,2.468923330307007,6.479076623916626,0.07899999999790452,0,34.666666666666664,17.633333841959637,6.433333396911621
2026-05-16 02:00:00,0,4.000147819519043,2.5678083896636963,6.567956209182739,0.07699999999749707,0,34.333333333333336,17.600000381469727,6.433333396911621
2026-05-16 02:15:00,0,4.004861831665039,2.6024434566497803,6.607305288314819,0.20100000000093132,0,32.36666615804037,17.600000381469727,6.266666730244954
2026-05-16 02:30:00,0,3.9695262908935542,0,3.9695262908935542,0.9720000000015716,0,30.633333206176758,17.53333346048991,6
2026-05-16 02:45:00,0,3.9663748741149902,0,3.9663748741149902,1.1920000000027358,0,31.5,17.5,5.766666730244954
2026-05-16 03:00:00,0,3.964720726013184,0,3.964720726013184,1.2309999999997672,0,32.666666666666664,17.5,5.433333396911621
2026-05-16 03:15:00,0,3.962401866912842,0,3.962401866912842,1.135999999998603,0,33.53333282470703,17.433333079020183,5.199999809265137
2026-05-16 03:30:00,0,4.007227420806885,0,4.007227420806885,1.6719999999986612,0,33.59999974568685,13.466666539510092,5
2026-05-16 03:45:00,0,0,0,0,2.6970000000001164,0,35.90000025431315,11.333333333333334,4.833333492279053
2026-05-16 04:00:00,0.05208837112001386,0,0,0,1.3960000000006403,0,36.63333384195963,10.899999936421711,4.900000095367432
2026-05-16 04:15:00,0.20239530588878368,0,0,0,0.10599999999976717,0,36.800000508626304,10.96666653951009,4.699999968210856
2026-05-16 04:30:00,0.4103467046970355,4.103981018066406,2.611917495727539,6.715898513793945,0.09500000000116415,0,36.36666615804037,11.133333524068197,4.733333269755046
2026-05-16 04:45:00,0.7702499342041629,4.0924072265625,2.6088151931762695,6.7012224197387695,0.0020000000004074536,0.21600000000034925,35.333333333333336,11.233333269755045,4.933333396911621
2026-05-16 05:00:00,1.2380948899691153,0,2.615452527999878,2.615452527999878,0.46499999999650754,0.2989999999990687,35.26666768391927,11.300000190734863,5.0333333015441895
2026-05-16 05:15:00,1.7186603742602187,0,2.6228363513946533,2.6228363513946533,0.7240000000019791,0.29500000000007276,36.43333435058594,11.066666920979818,5.233333269755046
2026-05-16 05:30:00,2.1590172913709607,0,2.6292710304260254,2.6292710304260254,0.1959999999962747,0.6100000000005821,36.43333307902018,10.96666653951009,5.4666666984558105
2026-05-16 05:45:00,2.5759435797884187,4.150323390960693,2.630967378616333,6.781290769577026,0.026000000005296897,1.0419999999994616,34.800000508626304,11,5.799999872843425
2026-05-16 06:00:00,3.0232090598056045,0,2.6018524169921875,2.6018524169921875,0,1.956000000000131,34.833333333333336,11.399999936421711,6.5333333015441895
2026-05-16 06:15:00,3.5601761978778876,3.9772286415100098,2.618698835372925,6.595927476882935,0,2.3100000000013097,34.36666742960612,11.700000127156576,7.433333396911621
2026-05-16 06:30:00,4.247998569362309,3.993852853775024,2.6357200145721436,6.629572868347168,0,2.690999999998894,33.79999923706055,12,8.59999974568685
2026-05-16 06:45:00,4.90003531605621,3.979913711547851,2.61011266708374,6.590026378631591,0,3.0820000000003347,33.40000025431315,12.233333269755045,9.666666666666666
2026-05-16 07:00:00,5.55090235897759,3.992482662200928,2.5870630741119385,6.579545736312866,0,3.2590000000000146,32.56666564941406,12.5,10.933333396911621
2026-05-16 07:15:00,6.086809453006027,3.9976189136505127,0,3.9976189136505127,0,3.0799999999999272,31.833333333333332,12.733333269755045,11.666666348775227
2026-05-16 07:30:00,6.562805781935725,4.015557765960693,0,4.015557765960693,0,3.4770000000007713,32.56666564941406,12.96666653951009,12.266666730244955
2026-05-16 07:45:00,6.987810337032147,4.013718128204346,0,4.013718128204346,0,3.5199999999986176,33.56666692097982,13.200000127156576,12.666666666666666
2026-05-16 08:00:00,7.266857793263856,3.9902782440185542,0,3.9902782440185542,0,1.3130000000001019,34.23333231608073,13.399999936421711,12.433333396911621
2026-05-16 08:15:00,7.415263959402282,3.972671031951904,0,3.972671031951904,0,3.6570000000010623,34.63333257039388,13.633333524068197,12.699999809265135
2026-05-16 08:30:00,7.407697438123796,3.9950649738311768,0,3.9950649738311768,0,4.748999999999796,34.766666412353516,13.833333333333332,13.399999936421713
2026-05-16 08:45:00,7.395927293912817,4.005832672119141,0,4.005832672119141,0,2.7070000000003347,34.96666717529297,14.03333346048991,13.399999936421713
2026-05-16 09:00:00,7.353342765944525,3.9744791984558105,0,3.9744791984558105,0,4.0349999999998545,35,14.233333269755045,13.833333333333332
2026-05-16 09:15:00,7.753491115874906,4.07503080368042,2.4554665088653564,6.530497312545776,0,3.918999999999869,34.93333435058594,14.433333079020182,14.433333396911621
2026-05-16 09:30:00,7.972518147279202,4.0269455909729,2.5483291149139404,6.575274705886841,0,2.561999999999898,34.900001525878906,14.600000063578289,13.899999936421713
2026-05-16 09:45:00,7.762081127954346,4.042049407958984,2.5345661640167236,6.576615571975708,0,6.057999999999083,34.79999923706055,14.766666730244955,14.5
2026-05-16 10:00:00,7.156247680274971,4.094448566436768,2.4617598056793213,6.556208372116089,0,5.210000000000946,34.766666412353516,14.933333079020182,15.666666666666666
2026-05-16 10:15:00,6.534805997881037,4.016785144805908,2.441725254058838,6.458510398864746,0,3.5799999999999272,34.666666666666664,15.066666920979818,15.600000063578289
2026-05-16 10:30:00,6.054532939533064,3.990413665771485,2.4143104553222656,6.40472412109375,0,2.1829999999990832,34.40000025431315,15.233333269755045,15.133333206176758
2026-05-16 10:45:00,5.946335340575,4.0283660888671875,2.4333815574645996,6.461747646331787,0,2.4400000000005093,32.733333587646484,15.333333333333332,14.566666603088379
2026-05-16 11:00:00,5.666739585699922,4.039614677429199,0,4.039614677429199,0,3.360000000000582,31.166666666666668,15.46666653951009,14.566666603088379
2026-05-16 11:15:00,5.414302890293034,4.045738697052002,0,4.045738697052002,0,1.988999999999578,32.03333346048991,15.600000381469728,14.766666730244955
2026-05-16 11:30:00,4.953037518248504,4.037935733795166,0,4.037935733795166,0,3.712999999999738,33.23333231608073,15.733333269755045,14.866666793823242
2026-05-16 11:45:00,4.563306842542127,4.1065754890441895,0,4.1065754890441895,0,5.895000000000437,34.13333384195963,15.833333333333332,15.700000127156576
2026-05-16 12:00:00,4.215356523460434,4.123992443084717,0,4.123992443084717,0,5.019000000000233,34.666666666666664,15.96666653951009,16.233333587646484
2026-05-16 12:15:00,3.930204675665888,4.1055426597595215,0,4.1055426597595215,0,4.139999999999418,34.96666717529297,16.133333841959637,16.599999745686848
2026-05-16 12:30:00,3.814659874886685,4.090237140655518,0,4.090237140655518,0,4.663000000000466,34.96666717529297,16.233333587646484,16.299999872843422
2026-05-16 12:45:00,3.702697291910824,4.111748695373535,2.4600563049316406,6.571805000305176,0,5.213999999999942,34.93333435058594,16.366666158040363,16.166666666666668
2026-05-16 13:00:00,3.4979991317198924,4.125893592834473,2.5080409049987793,6.633934497833252,0,5.55199999999968,34.900001525878906,16.46666653951009,16.666666666666668
2026-05-16 13:15:00,3.1500122593953086,4.08831262588501,2.507887125015259,6.5961997509002686,0,2.5529999999998836,34.900001525878906,16.600000381469727,16.666666666666668
2026-05-16 13:30:00,2.697848644830697,4.000713348388672,2.409733772277832,6.410447120666504,0,1.4310000000004948,34.79999923706055,16.700000762939453,16.09999974568685
2026-05-16 13:45:00,2.435140488171371,3.9855897426605225,2.452871799468994,6.438461542129517,0,0.8150000000005093,34.766666412353516,16.799999237060547,15.93333371480306
2026-05-16 14:00:00,2.3605718726732454,3.983017683029175,2.3967812061309814,6.379798889160156,0,0.8040000000000873,34.666666666666664,16.899999618530273,15.133333524068197
2026-05-16 14:15:00,2.4189108483276613,3.983418464660645,2.4806199073791504,6.464038372039795,0,1.3289999999997235,33.86666742960612,17,14.699999809265135
2026-05-16 14:30:00,2.6064655376026025,3.956231594085694,0,3.956231594085694,0.055999999996856786,0.4069999999992433,31.133333841959637,17.100000381469727,13.466666857401531
2026-05-16 14:45:00,2.905397957967145,3.972107172012329,0,3.972107172012329,0.35900000000401633,0,31.266667048136394,17.166667302449543,13.46666685740153
2026-05-16 15:00:00,3.128409292846587,3.9985475540161137,0,3.9985475540161137,0.04499999999825377,0.05199999999967986,32.40000025431315,17.233333587646484,13.166666666666666
2026-05-16 15:15:00,3.322178033413038,4.007747173309326,0,4.007747173309326,0,0.13900000000103319,33.53333409627279,17.299999237060547,13
2026-05-16 15:30:00,3.305875287083546,3.989379644393921,0,3.989379644393921,0,0.3220000000001164,34.266666412353516,17.399999618530273,12.933333396911621
2026-05-16 15:45:00,3.2410298341944905,4.013271331787109,0,4.013271331787109,0,1.7119999999995343,34.666665395100914,17.433333079020183,12.899999936421713
2026-05-16 16:00:00,2.9664784268384032,4.036627292633057,0,4.036627292633057,0,3.011000000000422,34.833333333333336,17.5,13.300000190734863
2026-05-16 16:15:00,2.601932935484089,4.050358772277832,0,4.050358772277832,0,2.5010000000002037,34.96666717529297,17.600000381469727,13.800000190734863
2026-05-16 16:30:00,2.189539249185144,4.050615310668945,2.481314182281494,6.5319294929504395,0,2.1239999999997963,34.900001525878906,17.666667302449543,13.566666920979818
2026-05-16 16:45:00,1.8483878332812216,4.045126914978027,2.4112648963928223,6.45639181137085,0,1.1299999999991996,34.900001525878906,17.700000762939453,13.866666475931803
2026-05-16 17:00:00,1.6908433564199867,4.016953468322754,2.494804859161377,6.511758327484131,0,1.1329999999998108,34.900001525878906,17.799999237060547,13.866666793823242
2026-05-16 17:15:00,1.5255861453087007,4.020047187805176,2.430385112762451,6.450432300567627,0,1.1499999999996362,34.86666742960612,17.799999237060547,13.733333587646484
2026-05-16 17:30:00,1.364093918215212,4.008639335632324,2.444490909576416,6.45313024520874,0,0.8290000000015425,34.79999923706055,17.899999618530273,13.899999936421713
2026-05-16 17:45:00,1.150257447301471,4.016482830047607,2.4815492630004883,6.498032093048096,0,0.7179999999989377,34.666666666666664,17.899999618530273,13.433333396911621
2026-05-16 18:00:00,0.8899983579158579,3.998755693435669,2.498488426208496,6.497244119644165,0,0.706000000000131,34.16666793823242,17.96666653951009,13.566666920979818
2026-05-16 18:15:00,0.6196871267351544,3.987853527069092,2.5146830081939697,6.5025365352630615,0.10499999999592546,0.2070000000003347,32.5,18,13.400000254313152
2026-05-16 18:30:00,0.38282211279993344,3.962827682495117,0,3.962827682495117,0.569999999999709,0,31.03333346048991,18,13.099999745686848
2026-05-16 18:45:00,0.1894554579052855,3.9474849700927734,0,3.9474849700927734,0.7750000000014552,0,31.933333079020183,18.100000381469727,12.566666603088379
2026-05-16 19:00:00,0.05267322300627367,3.9330615997314458,0,3.9330615997314458,0.8329999999987194,0,32.96666590372721,18.100000381469727,12
2026-05-16 19:15:00,0.002449067273712932,3.9407124519348145,0,3.9407124519348145,0.7640000000028522,0,33.833333333333336,18.100000381469727,11.5
2026-05-16 19:30:00,0,3.9297168254852295,0,3.9297168254852295,0.6560000000026776,0,34.43333307902018,18.166667302449543,11.166666666666666
2026-05-16 19:45:00,0,3.9377634525299072,0,3.9377634525299072,0.6100000000005821,0,34.800000508626304,18.200000762939453,10.600000063578289
2026-05-16 20:00:00,0,4.005033016204834,0,4.005033016204834,0.11299999999755528,0,35,18.200000762939453,10.299999872843424
2026-05-16 20:15:00,0,4.045340061187744,2.4454421997070312,6.490782260894775,0.07699999999749707,0,35,18.200000762939453,10.066666920979818
2026-05-16 20:30:00,0,4.0050368309021,2.455826997756958,6.460863828659058,0.07700000000477303,0,35,18.233333587646484,9.766666730244955
2026-05-16 20:45:00,0,3.9787135124206543,2.409679651260376,6.38839316368103,0.07899999999790452,0,34.93333435058594,18.299999237060547,9.366666475931803
2026-05-16 21:00:00,0,3.986517429351806,2.4338064193725586,6.420323848724365,0.08000000000174623,0,34.900001525878906,18.299999237060547,9
2026-05-16 21:15:00,0,3.9968764781951904,2.4560768604278564,6.452953338623047,0.07799999999406282,0,34.79999923706055,18.299999237060547,8.799999872843424
2026-05-16 21:30:00,0,4.0031633377075195,2.433011054992676,6.436174392700195,0.07900000000518048,0,34.733333587646484,18.299999237060547,8.600000381469727
2026-05-16 21:45:00,0,4.011282920837402,2.397016763687134,6.408299684524536,0.07800000000133878,0,34.33333206176758,18.266666412353516,8.399999618530273
2026-05-16 22:00:00,0,4.015659332275391,2.446678876876831,6.462338209152222,0.19499999999970896,0,32.666666666666664,18.200000762939453,8.399999936421713
2026-05-16 22:15:00,0,4.020419597625732,0,4.020419597625732,0.9209999999948195,0,31.066666920979817,18.200000762939453,8.366666475931803
2026-05-16 22:30:00,0,4.023749351501465,0,4.023749351501465,1.0460000000020955,0,32.06666628519694,18.200000762939453,8.466666539510092
2026-05-16 22:45:00,0,4.023116111755371,0,4.023116111755371,0.9689999999973224,0,33.199999491373696,18.200000762939453,8.566666603088379
2026-05-16 23:00:00,0,4.025046348571777,0,4.025046348571777,0.8000000000029104,0,34.09999974568685,18.200000762939453,8.699999809265137
2026-05-16 23:15:00,0,4.036909580230713,0,4.036909580230713,0.6429999999963911,0,34.63333257039388,18.200000762939453,8.766666730244955
2026-05-16 23:30:00,0,4.0173187255859375,0,4.0173187255859375,0.19100000000617,0,34.93333435058594,18.200000762939453,8.766666730244955
2026-05-16 23:45:00,0,4.0414042472839355,2.5706090927124023,6.612013339996338,0.07699999999749707,0,34.900001525878906,18.200000762939453,8.699999809265137
2026-05-17 00:00:00,0,4.0446367263793945,2.515960454940796,6.56059718132019,0.07899999999790452,0,34.900001525878906,18.100000381469727,8.699999809265137
2026-05-17 00:15:00,0,4.062289714813232,2.4581780433654785,6.520467758178711,0.07800000000133878,0,34.900001525878906,18.100000381469727,8.699999809265137
2026-05-17 00:30:00,0,4.043027877807617,2.457703113555908,6.500730991363525,0.07800000000133878,0,34.79999923706055,18.100000381469727,8.699999809265137
2026-05-17 00:45:00,0,3.9736227989196777,2.4278109073638916,6.401433706283569,0.07699999999749707,0,34.766666412353516,18.100000381469727,8.633333524068197
2026-05-17 01:00:00,0,3.9722630977630615,2.4291532039642334,6.401416301727295,0.07600000000093132,0,34.666666666666664,18.100000381469727,8.700000127156576
2026-05-17 01:15:00,0,3.973026752471924,2.506678342819214,6.479705095291138,0.07800000000133878,0,34.43333307902018,18.066666920979817,8.600000381469727
2026-05-17 01:30:00,0,3.9691812992095943,2.503405809402466,6.4725871086120605,0.1239999999961583,0,32.79999923706055,18,8.566666920979818
2026-05-17 01:45:00,0,3.9401330947875977,0,3.9401330947875977,0.772000000004482,0,30.666666666666668,18,8.566666920979818
2026-05-17 02:00:00,0,3.9530820846557617,0,3.9530820846557617,0.9939999999987776,0,31.333333333333332,18,8.533333460489908
2026-05-17 02:15:00,0,3.961507797241211,0,3.961507797241211,1.0140000000028522,0,32.56666692097982,18,8.566666920979818
2026-05-17 02:30:00,0,3.962759256362915,0,3.962759256362915,0.885999999998603,0,33.59999974568685,17.899999618530273,8.600000381469727
2026-05-17 02:45:00,0,3.968326568603515,0,3.968326568603515,0.7289999999993597,0,34.36666615804037,17.899999618530273,8.533333460489908
2026-05-17 03:00:00,0,3.979778289794922,0,3.979778289794922,0.6100000000005821,0,34.800000508626304,17.899999618530273,8.633333524068197
2026-05-17 03:15:00,0,3.97509241104126,0,3.97509241104126,0.09900000000197906,0,34.96666717529297,17.899999618530273,8.733333269755045
2026-05-17 03:30:00,0,3.961554527282715,2.565157413482666,6.526711940765381,0.08199999999487773,0,34.96666717529297,17.899999618530273,8.666666666666666
2026-05-17 03:45:00,0,3.9522593021392822,2.5464017391204834,6.498661041259766,0.07500000000436557,0,34.900001525878906,17.866666158040363,8.633333524068197
2026-05-17 04:00:00,0.00796860695028984,3.9647421836853023,2.5477936267852783,6.512535810470581,0.0629999999946449,0,34.86666742960612,17.799999237060547,8.733333269755045
2026-05-17 04:15:00,0.04868891953112874,3.9688801765441895,2.586338520050049,6.555218696594238,0.01600000000325963,0.0010000000002037268,34.79999923706055,17.799999237060547,8.700000127156576
2026-05-17 04:30:00,0.11386335160620574,3.965259313583374,2.605946779251098,6.571206092834473,0,0.07799999999951979,34.63333384195963,17.799999237060547,8.733333269755045
2026-05-17 04:45:00,0.20056764374422179,3.9593546390533447,2.554534435272217,6.5138890743255615,0.021000000000640284,0.1610000000000582,32.93333371480306,17.799999237060547,8.833333333333334
2026-05-17 05:00:00,0.3161855510092069,3.9534623622894287,0,3.9534623622894287,0.47699999999895226,0,30.600000381469727,17.733333587646484,9
2026-05-17 05:15:00,0.4883878782698282,3.9407994747161865,0,3.9407994747161865,0.555000000000291,0,31.233333587646484,17.700000762939453,9.066666920979818
2026-05-17 05:30:00,0.6597860341868422,3.936681509017944,0,3.936681509017944,0.3629999999975553,0,32.36666742960612,17.700000762939453,9.199999809265137
2026-05-17 05:45:00,0.8425522486430312,3.93554162979126,0,3.93554162979126,0.20300000000133878,0.004000000000814907,33.40000025431315,17.700000762939453,9.199999809265137
2026-05-17 06:00:00,0.9817469975728648,4.0023884773254395,0,4.0023884773254395,0.029999999998835847,0.04399999999986903,34.20000076293945,17.700000762939453,9.366666475931803
2026-05-17 06:15:00,1.1371348331035167,4.003606796264648,0,4.003606796264648,0,0.1749999999992724,34.73333231608073,17.700000762939453,9.46666653951009
2026-05-17 06:30:00,1.2801676725369302,3.9838366508483887,0,3.9838366508483887,0,0.683999999999287,34.96666717529297,17.700000762939453,9.666666666666668
2026-05-17 06:45:00,1.4473256522785605,3.96575927734375,0,3.96575927734375,0,1.2300000000013824,34.93333435058594,17.700000762939453,9.96666653951009
2026-05-17 07:00:00,1.6580185443036553,3.9579150676727295,2.61820387840271,6.5761189460754395,0,1.4830000000001746,34.900001525878906,17.666667302449543,10.133333524068197
2026-05-17 07:15:00,1.8873535902032812,3.9826955795288086,2.5893149375915527,6.572010517120361,0,1.683999999999287,34.79999923706055,17.600000381469727,10.433333396911621
2026-05-17 07:30:00,2.074213767863289,3.994905471801758,2.6099226474761963,6.604828119277954,0,2.0309999999990396,34.766666412353516,17.600000381469727,10.666666984558107
2026-05-17 07:45:00,2.269298425173825,3.982258558273315,2.606572151184082,6.5888307094573975,0,2.117000000000189,34.666666666666664,17.600000381469727,10.966666857401531
2026-05-17 08:00:00,2.4685867054168535,3.956454277038574,2.557656526565552,6.514110803604126,0,2.0380000000004657,34.266666412353516,17.600000381469727,11.133333524068197
2026-05-17 08:15:00,2.7848819161547342,4.051352024078369,2.5532591342926025,6.604611158370972,0,2.7260000000005675,32.13333384195963,17.600000381469727,11.433333396911621
2026-05-17 08:30:00,3.143980974318254,4.030863285064697,0,4.030863285064697,0,2.106999999999971,30.833333333333332,17.600000381469727,11.733333269755045
2026-05-17 08:45:00,3.378104495036632,4.032670974731445,0,4.032670974731445,0,2.547999999998865,31.799999872843426,17.600000381469727,11.96666653951009
2026-05-17 09:00:00,3.4336654242313136,4.0313873291015625,0,4.0313873291015625,0,3.6310000000012224,32.90000025431315,17.600000381469727,12.53333346048991
2026-05-17 09:15:00,3.3884125095319613,4.000168323516846,0,4.000168323516846,0,2.0789999999997235,33.833333333333336,17.600000381469727,12.666666666666668
2026-05-17 09:30:00,3.3446582777911495,4.002501964569092,0,4.002501964569092,0,1.4030000000002474,34.40000025431315,17.633333841959637,12.566666920979818
2026-05-17 09:45:00,3.431435676414948,4.0252227783203125,0,4.0252227783203125,0,2.100000000000364,34.599998474121094,17.700000762939453,12.700000127156576
2026-05-17 10:00:00,3.5760037520497936,4.037904739379883,0,4.037904739379883,0,1.0759999999991123,34.53333282470703,17.700000762939453,12.766666730244955
2026-05-17 10:15:00,3.901766252696505,4.041769981384277,0,4.041769981384277,0,0.5419999999994616,34.43333435058594,17.700000762939453,12.46666653951009
2026-05-17 10:30:00,4.153325670274003,4.053921222686768,0,4.053921222686768,0,0.5230000000010477,34.56666564941406,17.700000762939453,12.366666475931803
2026-05-17 10:45:00,4.328306043994359,4.028766632080078,0,4.028766632080078,0,0.8869999999988067,34.733333587646484,17.700000762939453,12.399999618530272
2026-05-17 11:00:00,4.663755154007248,4.018134593963623,0,4.018134593963623,0,2.856000000001586,35,17.700000762939453,12.833333333333334
2026-05-17 11:15:00,4.820641672496441,4.048994541168213,2.5625038146972656,6.6114983558654785,0,2.7159999999985303,34.96666717529297,17.700000762939453,13.333333333333334
2026-05-17 11:30:00,5.069094064428184,4.106039047241211,2.568214178085327,6.674253225326538,0,5.431000000000495,34.900001525878906,17.799999237060547,14.133333524068197
2026-05-17 11:45:00,5.113067615626343,4.090859889984131,2.583817720413208,6.674677610397339,0,4.010000000000218,34.86666742960612,17.799999237060547,14.733333269755045
2026-05-17 12:00:00,5.084885065357199,4.1078386306762695,2.595679521560669,6.7035181522369385,0,3.537000000000262,34.79999923706055,17.799999237060547,15.233333269755045
2026-05-17 12:15:00,4.777289526427432,4.088489532470703,2.577709436416626,6.666198968887329,0,4.4799999999995634,34.59999974568685,17.799999237060547,15.46666653951009
2026-05-17 12:30:00,4.722240342633228,4.074630260467529,2.5723798274993896,6.647010087966919,0,2.129000000000815,33.46666590372721,17.833332697550457,15.666666348775227
2026-05-17 12:45:00,4.536586421988631,4.059399604797363,0,4.059399604797363,0,2.6999999999989086,31.5,17.899999618530273,15.733333269755045
2026-05-17 13:00:00,4.406347217567151,4.0632548332214355,0,4.0632548332214355,0,1.0079999999998108,32.166665395100914,17.899999618530273,15.5
2026-05-17 13:15:00,4.4215899198527975,4.043961048126221,0,4.043961048126221,0,1.5010000000002037,33.300000508626304,17.899999618530273,15.266666412353516
2026-05-17 13:30:00,4.289596159772538,4.065811634063721,0,4.065811634063721,0,2.279000000000451,34.20000076293945,17.96666653951009,15.600000063578287
2026-05-17 13:45:00,4.0239271904390215,4.082608699798584,0,4.082608699798584,0,2.118000000000393,34.766666412353516,18,15.833333333333332
2026-05-17 14:00:00,3.687673909082525,4.076091289520264,0,4.076091289520264,0,2.7590000000000146,35,18,16.033333460489906
2026-05-17 14:15:00,3.332449494665476,4.042253017425537,2.5512876510620117,6.593540668487549,0,3.382999999999811,34.93333435058594,18.03333346048991,16.333333333333332
2026-05-17 14:30:00,2.875607065010786,4.082120895385742,2.523360252380371,6.605481147766113,0,5.153000000000247,34.900001525878906,18.100000381469727,16.633333841959637
2026-05-17 14:45:00,2.491286269252312,4.102483749389648,2.4788434505462646,6.581327199935913,0,5.320999999999913,34.900001525878906,18.100000381469727,16.933333079020183
2026-05-17 15:00:00,2.0781249648526514,4.075181484222412,2.4554171562194824,6.5305986404418945,0,3.029000000000451,34.833333333333336,18.166667302449543,17.166666666666668
2026-05-17 15:15:00,1.7658506108328067,4.049313068389893,2.53515625,6.584469318389893,0,2.789999999999054,34.733333587646484,18.200000762939453,16.1999994913737
2026-05-17 15:30:00,1.554390100706996,4.049313068389893,2.4812254905700684,6.530538558959961,0,0.7870000000002619,34.599998474121094,18.200000762939453,16.399999618530273
2026-05-17 16:15:00,1.1650980639153135,4.003650188446045,0,4.003650188446045,0,6.557999999999083,32.5,18.299999237060547,16
2026-05-17 16:30:00,1.0083943116405771,3.97739052772522,0,3.97739052772522,0,1.0520000000014988,33.26666768391927,18.333332697550457,15.866666793823242
2026-05-17 16:45:00,0.7862237013476338,3.960777997970581,0,3.960777997970581,0,0.8719999999993888,34.266666412353516,18.399999618530273,15.800000190734863
2026-05-17 17:00:00,0.5976089680288468,3.927332639694214,0,3.927332639694214,0.04899999999906868,0.2000000000007276,34.90000025431315,18.399999618530273,15.766666730244955
2026-05-17 17:15:00,0.47519215758609135,3.984381675720215,0,3.984381675720215,0,0.7179999999989377,35,18.46666653951009,15.366666793823242
2026-05-17 17:30:00,0.40778797769464886,4.008685111999512,2.4257071018218994,6.434392213821411,0,0.7209999999995489,34.96666717529297,18.5,15.266666730244955
2026-05-17 17:45:00,0.3289060795353577,4.056825160980225,2.509865045547486,6.56669020652771,0,0.29500000000007276,34.900001525878906,18.5,15.299999872843424
2026-05-17 18:00:00,0.22308444136522426,4.02485466003418,2.44994592666626,6.4748005867004395,0,0.20100000000093132,34.900001525878906,18.53333346048991,15.233333269755045
2026-05-17 18:15:00,0.1023125268525746,3.982522010803222,2.386047124862671,6.3685691356658936,0,0.05500000000029104,34.833333333333336,18.600000381469727,15
2026-05-17 18:30:00,0.03552975209028314,3.9906246662139897,2.3967151641845703,6.38733983039856,0.05500000000029104,0,34.79999923706055,18.600000381469727,14.566666603088379
2026-05-17 18:45:00,0.006031285077054236,3.9763026237487793,2.401723623275757,6.378026247024536,0.08200000000215368,0,34.46666717529297,18.600000381469727,13.633333206176758
2026-05-17 19:00:00,6.945116149335181e-4,3.979752779006958,2.4165005683898926,6.396253347396851,0.1529999999984284,0,32.800000508626304,18.600000381469727,13.666666984558107
2026-05-17 19:15:00,0,3.981633424758911,0,3.981633424758911,0.8720000000030268,0,31.200000127156574,18.700000762939453,13.833333333333332
2026-05-17 19:30:00,0,3.980640649795532,0,3.980640649795532,0.9589999999952852,0,32.233333587646484,18.700000762939453,13.799999872843424
2026-05-17 19:45:00,0,3.978628158569336,0,3.978628158569336,0.8590000000040163,0,33.333334604899086,18.700000762939453,13.566666920979818
2026-05-17 20:00:00,0,3.973399162292481,0,3.973399162292481,0.6990000000005239,0,34.20000076293945,18.700000762939453,13.5
2026-05-17 20:15:00,0,3.928959846496582,0,3.928959846496582,0.5950000000011642,0,34.666666666666664,18.700000762939453,13.433333396911621
2026-05-17 20:30:00,0,3.947476625442505,0,3.947476625442505,0.2959999999948195,0,34.96666717529297,18.700000762939453,13.299999872843424
2026-05-17 20:45:00,0,3.9760565757751465,0,3.9760565757751465,0.07700000000477303,0,35,18.700000762939453,13.066666920979818
2026-05-17 21:00:00,0,3.987194299697876,2.424896001815796,6.412090301513672,0.07699999999749707,0,34.93333435058594,18.766666412353516,12.899999936421711
2026-05-17 21:15:00,0,4.012058734893799,2.414905071258545,6.426963806152344,0.07600000000093132,0,34.900001525878906,18.799999237060547,12.766666730244955
2026-05-17 21:30:00,0,4.033044338226318,2.4290974140167236,6.462141752243042,0.07699999999749707,0,34.900001525878906,18.799999237060547,12.766666412353516
2026-05-17 21:45:00,0,4.042778015136719,2.419938564300537,6.462716579437256,0.07700000000477303,0,34.79999923706055,18.799999237060547,12.666666666666668
2026-05-17 22:00:00,0,4.014877796173096,2.427269458770752,6.442147254943848,0.07699999999749707,0,34.79999923706055,18.799999237060547,12.600000381469728
2026-05-17 22:15:00,0,3.9730496406555176,2.373661994934082,6.3467116355896,0.07600000000093132,0,34.666666666666664,18.799999237060547,12.600000381469728
2026-05-17 22:30:00,0,3.9879260063171382,2.4096713066101074,6.397597312927246,0.07800000000133878,0,34.1000010172526,18.799999237060547,12.53333346048991
2026-05-17 22:45:00,0,3.986673593521118,2.413551568984986,6.4002251625061035,0.39400000000023283,0,31.700000127156574,18.766666412353516,12.366666475931803
2026-05-17 23:00:00,0,3.9920058250427246,0,3.9920058250427246,0.9769999999989523,0,31.166666666666668,18.700000762939453,12.366666475931803
2026-05-17 23:15:00,0,3.994968891143799,0,3.994968891143799,1.0349999999962165,0,32.29999987284342,18.700000762939453,12.100000063578289
2026-05-17 23:30:00,0,4.006568431854248,0,4.006568431854248,0.8840000000054715,0,33.5,18.700000762939453,11.833333651224773
2026-05-17 23:45:00,0,4.002143383026123,0,4.002143383026123,0.6739999999990687,0,34.46666717529297,18.700000762939453,11.933333079020182
2026-05-18 00:00:00,0,4.0096869468688965,0,4.0096869468688965,0.45499999999447027,0,34.95000076293945,18.700000762939453,12.050000190734863
2026-05-18 00:15:00,0,4.037439346313477,0,4.037439346313477,0.07900000000518048,0,35,18.700000762939453,12
2026-05-18 00:30:00,0,4.033963680267334,2.5625760555267334,6.596539735794067,0.07800000000133878,0,35,18.700000762939453,11.96666653951009
2026-05-18 00:45:00,0,4.032691478729248,2.552610158920288,6.585301637649536,0.07599999999365536,0,34.93333435058594,18.700000762939453,11.800000190734863
2026-05-18 01:00:00,0,4.029166221618652,2.512634515762329,6.5418007373809814,0.07700000000477303,0,34.900001525878906,18.700000762939453,11.833333015441893
2026-05-18 01:15:00,0,4.030679702758789,2.5611610412597656,6.591840744018555,0.07699999999749707,0,34.833333333333336,18.700000762939453,11.700000127156576
2026-05-18 01:30:00,0,4.033710956573486,2.5745909214019775,6.608301877975464,0.07699999999749707,0,34.79999923706055,18.700000762939453,11.566666603088379
2026-05-18 01:45:00,0,4.057206630706787,2.5784270763397217,6.635633707046509,0.07800000000133878,0,34.70000076293945,18.700000762939453,11.46666653951009
2026-05-18 02:00:00,0,3.9911997318267822,2.5615904331207275,6.55279016494751,0.07600000000093132,0,34.36666742960612,18.700000762939453,11.46666653951009
2026-05-18 02:15:00,0,3.977285385131836,2.561068058013916,6.538353443145752,0.09999999999854481,0,33,18.633333841959637,11.5
2026-05-18 02:30:00,0,3.9765679836273193,0,3.9765679836273193,0.7340000000040163,0,30.96666653951009,18.600000381469727,11.46666653951009
2026-05-18 02:45:00,0,3.965337038040161,0,3.965337038040161,0.930000000000291,0,31.599999745686848,18.600000381469727,11.333333333333332
2026-05-18 03:00:00,0,3.9597201347351074,0,3.9597201347351074,0.9379999999946449,0,32.699999491373696,18.600000381469727,11.200000127156576
2026-05-18 03:15:00,0,3.944711685180664,0,3.944711685180664,0.8260000000009313,0,33.70000076293945,18.600000381469727,11
2026-05-18 03:30:00,0,3.938519239425659,0,3.938519239425659,0.7110000000029686,0,34.266666412353516,18.600000381469727,10.933333079020182
2026-05-18 03:45:00,0,3.951603412628174,0,3.951603412628174,0.603000000002794,0,34.63333257039388,18.600000381469727,10.700000127156576
2026-05-18 04:00:00,0.010271461252437821,4.005482196807861,0,4.005482196807861,0.32400000000052387,0,34.93333435058594,18.5,10.46666653951009
2026-05-18 04:15:00,0.0931376628868739,3.9814045429229736,0,3.9814045429229736,0.010999999998603016,0.0010000000002037268,34.900001525878906,18.5,10.333333333333332
2026-05-18 04:30:00,0.2472826881592237,3.963053941726685,2.571183919906616,6.534237861633301,0,0.10799999999835563,34.900001525878906,18.5,10.299999872843424
2026-05-18 04:45:00,0.4135999433143557,3.95440411567688,2.5358693599700928,6.490273475646973,0,0.2360000000007858,34.833333333333336,18.5,10.399999618530272
2026-05-18 05:00:00,0.6314572709461329,3.948508739471435,2.5675265789031982,6.516035318374634,0,0.31600000000071304,34.766666412353516,18.5,10.433333079020182
2026-05-18 05:15:00,0.8992463283673411,3.962887525558472,2.528507709503174,6.4913952350616455,0,0.6859999999996944,34.56666692097982,18.5,10.53333346048991
2026-05-18 05:30:00,1.2692748061553412,3.9778854846954346,2.5843939781188965,6.562279462814331,0,1.0499999999992724,32.73333295186361,18.5,10.833333333333334
2026-05-18 05:45:00,1.6359403855973476,3.9693939685821538,0,3.9693939685821538,0,0.9230000000006839,30.53333346048991,18.399999618530273,11.133333524068197
2026-05-18 06:00:00,1.945582906129023,3.9792542457580566,0,3.9792542457580566,0,0.7819999999992433,31.233333587646484,18.399999618530273,11.233333587646484
2026-05-18 06:15:00,2.213956815436491,3.969881772994995,0,3.969881772994995,0,0.25200000000040745,32.46666717529297,18.399999618530273,11.433333079020182
2026-05-18 06:30:00,2.534163223163734,3.956010580062866,0,3.956010580062866,0,0.7999999999992724,33.70000076293945,18.399999618530273,11.600000063578289
2026-05-18 06:45:00,2.9048496593237765,3.9564406871795654,0,3.9564406871795654,0,1.7000000000007276,34.40000025431315,18.399999618530273,12.066666920979818
2026-05-18 07:00:00,3.357890551717778,3.966983795166016,0,3.966983795166016,0,2.1970000000001164,34.766666412353516,18.399999618530273,12.333333333333332
2026-05-18 07:15:00,3.9480061049539206,3.980165958404541,0,3.980165958404541,0,2.261000000000422,34.900001525878906,18.399999618530273,12.399999936421711
2026-05-18 07:30:00,4.4647592997073495,3.966136693954468,2.561464548110962,6.52760124206543,0,2.3799999999991996,34.900001525878906,18.399999618530273,12.633333524068197
2026-05-18 07:45:00,4.965538727317307,3.981122493743897,2.5757672786712646,6.556889772415161,0,3.077000000001135,34.86666742960612,18.399999618530273,12.766666730244955
2026-05-18 08:00:00,5.406919135229003,4.00674295425415,2.5713889598846436,6.578131914138794,0,3.3219999999982974,34.79999923706055,18.46666653951009,13.266666412353516
2026-05-18 08:15:00,5.805897781386864,4.033512115478516,2.5751805305480957,6.608692646026611,0,5.21900000000096,34.733333587646484,18.5,13.933333396911621
2026-05-18 08:30:00,6.235508045087582,4.024267673492432,2.5834848880767822,6.607752561569214,0,1.6440000000002328,34.59999974568685,18.5,13.833333333333334
2026-05-18 08:45:00,6.648194157329657,3.994154691696167,2.565129518508911,6.559284210205078,0,3.9899999999997817,33.86666615804037,18.5,14.03333314259847
2026-05-18 09:00:00,6.815863882471764,4.059665679931641,2.559351682662964,6.6190173625946045,0,6.038000000000466,31.50000063578288,18.5,15.066666603088379
2026-05-18 09:15:00,7.021658639949433,4.032287120819092,0,4.032287120819092,0,3.219999999999345,31.633333206176758,18.5,15.5
2026-05-18 09:30:00,7.21352661188554,4.02382230758667,0,4.02382230758667,0,4.558000000000902,32.800000508626304,18.5,15.566666603088379
2026-05-18 09:45:00,7.250189514505452,4.03481912612915,0,4.03481912612915,0,3.0169999999998254,33.93333435058594,18.600000381469727,16.366666793823242
2026-05-18 10:00:00,7.340256704989462,4.056559085845947,0,4.056559085845947,0,2.1970000000001164,34.56666692097982,18.600000381469727,15.266666730244955
2026-05-18 10:15:00,7.281040451505657,4.066810131072998,0,4.066810131072998,0,2.6790000000000873,34.96666590372721,18.600000381469727,15.599999745686848
2026-05-18 10:30:00,7.545210737880632,4.084414482116699,0,4.084414482116699,0,5.221999999999753,35,18.633333841959637,15.90000025431315
2026-05-18 10:45:00,7.7205566440299,4.170714855194092,2.4388232231140137,6.6095380783081055,0,4.8729999999995925,34.900001525878906,18.700000762939453,17.166666666666668
2026-05-18 11:00:00,7.682066079265427,4.075045585632324,2.4300179481506348,6.505063533782959,0,1.0129999999990105,34.900001525878906,18.700000762939453,16.53333346048991
2026-05-18 11:15:00,7.808028554268632,4.036539554595947,2.501652479171753,6.5381920337677,0,3.1260000000002037,34.86666742960612,18.766666412353516,15.733333269755045
2026-05-18 11:30:00,8.002199380506887,4.1005730628967285,2.507596254348755,6.608169317245483,0,3.764000000001033,34.79999923706055,18.799999237060547,15.5
2026-05-18 11:45:00,8.024789284613671,4.108231544494629,2.5082709789276123,6.616502523422241,0,2.07300000000032,34.79999923706055,18.799999237060547,16.266666412353516
2026-05-18 12:00:00,7.8418037507001355,4.121708393096924,2.521599054336548,6.643307447433472,0,6.40099999999984,34.666666666666664,18.833332697550457,16.566666920979817
2026-05-18 12:15:00,7.600040602217489,4.167484283447266,2.4233973026275635,6.590881586074829,0,6.890999999999622,34.06666692097982,18.899999618530273,17.399999618530273
2026-05-18 12:30:00,7.283635731750935,4.081020355224609,2.4190142154693604,6.50003457069397,0,4.560999999999694,31.799999872843426,18.899999618530273,17.966665903727215
2026-05-18 12:45:00,7.162936923724067,4.070016860961914,0,4.070016860961914,0,5.736000000000786,31.46666653951009,18.933333079020183,18.299999872843426
2026-05-18 13:00:00,7.077877527516157,4.072110176086426,0,4.072110176086426,0,4.1049999999995634,32.53333409627279,19,18.56666628519694
2026-05-18 13:15:00,6.592413908677628,4.0394086837768555,0,4.0394086837768555,0,2.7379999999993743,33.56666564941406,19,18.56666628519694
2026-05-18 13:30:00,5.830059474937973,4.078068733215332,0,4.078068733215332,0,4.80199999999968,34.29999923706055,19.100000381469727,18.666666666666668
2026-05-18 13:45:00,5.5584688802560756,4.083550930023193,0,4.083550930023193,0,3.7770000000000437,34.86666742960612,19.133333841959637,18
2026-05-18 14:00:00,5.446140764851302,4.12170934677124,0,4.12170934677124,0,6.262000000000626,35,19.200000762939453,18.333333333333332
2026-05-18 14:15:00,5.133464325159654,4.14763069152832,2.472240209579468,6.619870901107788,0,7.007999999999811,35,19.233333587646484,18.733333587646484
2026-05-18 14:30:00,4.619160197679938,4.141834735870361,2.4372942447662354,6.579128980636597,0,4.261000000000422,34.93333435058594,19.299999237060547,18.53333282470703
2026-05-18 14:45:00,4.303486392071208,4.145016193389893,2.3902695178985596,6.535285711288452,0,5.992000000000189,34.900001525878906,19.333332697550457,18.399999618530273
2026-05-18 15:00:00,4.1433831882075864,4.137017726898193,2.4054551124572754,6.542472839355469,0,2.106999999999971,34.833333333333336,19.399999618530273,18.433333079020183
2026-05-18 15:15:00,3.9907002926508865,4.074244976043701,2.408519506454468,6.482764482498169,0,2.7629999999990105,34.79999923706055,19.433333079020183,18
2026-05-18 15:30:00,3.5283383233196197,4.069201469421387,2.356306552886963,6.42550802230835,0,1.9880000000011933,34.70000076293945,19.5,18.03333346048991
2026-05-18 15:45:00,3.096242439102298,4.028703212738037,2.3058266639709473,6.334529876708984,0,0.6719999999986612,34.36666615804037,19.5,16.299999872843426
2026-05-18 16:00:00,2.9040820412230604,3.980437994003296,2.29082989692688,6.271267890930176,0.008999999998195563,0.29200000000128057,32.73333422342936,19.566666920979817,14.099999745686848
2026-05-18 16:15:00,2.7271643456294696,3.9682672023773193,0,3.9682672023773193,0.37599999999656575,0,31.06666628519694,19.600000381469727,13.266666730244955
2026-05-18 16:30:00,2.5714840841556876,3.953587532043457,0,3.953587532043457,0.07700000000477303,0.042999999999665306,31.96666717529297,19.600000381469727,12.866666475931803
2026-05-18 16:45:00,2.3660548591069315,3.937715768814087,0,3.937715768814087,0.11799999999493593,0,33.13333257039388,19.600000381469727,13.733333269755045
2026-05-18 17:00:00,2.102067338946412,3.928719520568848,0,3.928719520568848,0.01900000000023283,0.03499999999985448,34.06666692097982,19.700000762939453,14.399999936421711
2026-05-18 17:15:00,1.8188162597822104,4.030449867248535,0,4.030449867248535,0,0.26599999999962165,34.699999491373696,19.700000762939453,14.600000063578289
2026-05-18 17:30:00,1.5224791196629455,4.03007173538208,0,4.03007173538208,0,0.38000000000101863,34.90000025431315,19.700000762939453,14.733333269755045
2026-05-18 17:45:00,1.2276406625022214,4.042017459869385,0,4.042017459869385,0,0.3319999999985157,34.96666717529297,19.700000762939453,14.566666603088379
2026-05-18 18:00:00,0.9709272376770584,4.029184341430664,2.3674206733703613,6.396605014801025,0,0.18699999999989814,34.900001525878906,19.799999237060547,14.266666730244955
2026-05-18 18:15:00,0.7100832964051854,4.025497913360596,2.3952395915985107,6.4207375049591064,0,0.125,34.900001525878906,19.799999237060547,13.933333396911621
2026-05-18 18:30:00,0.4553802999390405,4.0149922370910645,2.3580241203308105,6.373016357421875,0,0.08000000000174623,34.79999923706055,19.799999237060547,13.433333396911621
2026-05-18 18:45:00,0.22016018193392525,4.000672817230225,2.361628293991089,6.3623011112213135,0,0.029999999998835847,34.63333384195963,19.799999237060547,13.166666666666668
2026-05-18 19:00:00,0.05852174186887171,4.001961708068848,2.379127264022827,6.381088972091675,0.00900000000547152,0.0020000000004074536,33.56666692097982,19.799999237060547,12.866666475931803
2026-05-18 19:15:00,0.0033628983459938772,4.000042915344238,0,4.000042915344238,0.7209999999977299,0,31.333333333333332,19.799999237060547,12.600000063578289
2026-05-18 19:30:00,0,4.010930061340332,0,4.010930061340332,1.0160000000032596,0,31.833333333333332,19.799999237060547,12.299999872843424
2026-05-18 19:45:00,0,4.001120567321777,0,4.001120567321777,0.9739999999947031,0,33,19.799999237060547,12.066666603088379
2026-05-18 20:00:00,0,4.009815216064453,0,4.009815216064453,0.819999999999709,0,33.96666717529297,19.799999237060547,11.833333333333332
2026-05-18 20:15:00,0,3.981377601623535,0,3.981377601623535,0.6500000000014552,0,34.5,19.799999237060547,11.600000063578289
2026-05-18 20:30:00,0,3.982551097869873,0,3.982551097869873,0.4510000000009313,0,34.96666717529297,19.799999237060547,11.333333333333334
2026-05-18 20:45:00,0,4.003646373748779,0,4.003646373748779,0.07699999999749707,0,35,19.799999237060547,11.03333346048991
2026-05-18 21:00:00,0,4.023736953735352,2.457920789718628,6.4816577434539795,0.07900000000518048,0,35,19.799999237060547,11.066666603088379
2026-05-18 21:15:00,0,4.03350830078125,2.3863677978515625,6.4198760986328125,0.07599999999365536,0,35,19.799999237060547,11.133333524068197
2026-05-18 21:30:00,0,4.0479607582092285,2.44758939743042,6.495550155639648,0.07800000000133878,0,34.96666717529297,19.733333587646484,11.133333524068197
2026-05-18 21:45:00,0,4.062877178192139,2.459284782409668,6.522161960601807,0.07700000000477303,0,34.900001525878906,19.700000762939453,11.066666920979818
2026-05-18 22:00:00,0,4.032840251922607,2.4311363697052,6.463976621627808,0.07999999999447027,0,34.86666742960612,19.700000762939453,10.899999618530272
2026-05-18 22:15:00,0,3.996093273162842,2.3804774284362793,6.376570701599121,0.07600000000093132,0,34.766666412353516,19.700000762939453,11.03333346048991
2026-05-18 22:30:00,0,3.997857809066773,2.413158178329468,6.411015987396241,0.07700000000477303,0,34.29999923706055,19.700000762939453,10.866666793823242
2026-05-18 22:45:00,0,3.978548049926758,2.38219690322876,6.360744953155518,0.25099999999656575,0,32.36666742960612,19.600000381469727,10.833333333333332
2026-05-18 23:00:00,0,3.9710631370544434,0,3.9710631370544434,0.7960000000020955,0,30.96666653951009,19.600000381469727,10.766666730244955
2026-05-18 23:15:00,0,3.977497816085815,0,3.977497816085815,0.9539999999979045,0,31.799999872843426,19.600000381469727,10.633333524068197
2026-05-18 23:30:00,0,3.984470844268799,0,3.984470844268799,0.9660000000003492,0,32.83333206176758,19.566666920979817,10.566666920979818
2026-05-18 23:45:00,0,3.9882192611694336,0,3.9882192611694336,0.8669999999983702,0,33.733333587646484,19.5,10.666666666666668
2026-05-19 00:00:00,0,3.996608018875122,0,3.996608018875122,0.7370000000009895,0,34.35000038146973,19.5,10.550000190734863
2026-05-19 00:15:00,0,4.002415180206299,0,4.002415180206299,0.6149999999979627,0,34.70000076293945,19.5,10.5
2026-05-19 00:30:00,0,4.0152764320373535,0,4.0152764320373535,0.24600000000646105,0,35,19.46666653951009,10.566666920979818
2026-05-19 00:45:00,0,4.022106170654297,0,4.022106170654297,0.07899999999790452,0,35,19.399999618530273,10.46666653951009
2026-05-19 01:00:00,0,4.022381782531738,2.5521366596221924,6.574518442153931,0.07899999999790452,0,35,19.399999618530273,10.433333079020182
2026-05-19 01:15:00,0,4.023123741149902,2.554405927658081,6.577529668807983,0.07800000000133878,0,34.93333435058594,19.399999618530273,10.366666475931803
2026-05-19 01:30:00,0,4.033759593963623,2.576749324798584,6.610508918762207,0.07699999999749707,0,34.900001525878906,19.366666158040363,10.333333333333332
2026-05-19 01:45:00,0,4.035372257232666,2.559437990188598,6.594810247421265,0.07700000000477303,0,34.86666742960612,19.299999237060547,10.266666730244955
2026-05-19 02:00:00,0,4.028029918670654,2.5627243518829346,6.590754270553589,0.07699999999749707,0,34.79999923706055,19.299999237060547,10.199999809265137
2026-05-19 02:15:00,0,4.015178203582764,2.5510056018829346,6.566183805465698,0.07699999999749707,0,34.56666692097982,19.266666412353516,10.133333524068197
2026-05-19 02:30:00,0,4.0085344314575195,2.517449140548706,6.525983572006226,0.07800000000133878,0,33.56666564941406,19.200000762939453,10
2026-05-19 02:45:00,0,4.005865573883057,0,4.005865573883057,0.580999999998312,0,30.900000254313152,19.200000762939453,10
2026-05-19 03:00:00,0,3.991415023803711,0,3.991415023803711,0.9120000000038999,0,31.266667048136394,19.133333841959637,9.96666653951009
2026-05-19 03:15:00,0,4.051851272583008,0,4.051851272583008,0.9619999999995343,0,32.43333435058594,19.100000381469727,9.899999618530272
2026-05-19 03:30:00,0,4.0285868644714355,0,4.0285868644714355,0.8580000000001746,0,33.44999885559082,19.100000381469727,9.899999618530272
2026-05-19 03:45:00,0,4.020880699157715,0,4.020880699157715,0.6869999999980791,0,34.29999923706055,19.066666920979817,9.833333333333332
2026-05-19 04:00:00,0.06945116149335182,4.009188652038574,0,4.009188652038574,0.5409999999974389,0,34.733333587646484,19,9.833333015441893
2026-05-19 04:15:00,0.16167499330794477,3.9688596725463863,0,3.9688596725463863,0.03900000000430737,0.0059999999994033715,34.900001525878906,19,9.899999618530272
2026-05-19 04:30:00,0.2955329687756576,3.9617295265197754,2.578143835067749,6.539873361587524,0,0.06199999999989814,34.900001525878906,19,9.866666475931803
2026-05-19 04:45:00,0.4675890830647139,3.9473466873168945,2.5627012252807617,6.510047912597656,0,0.23500000000058208,34.900001525878906,18.96666653951009,9.96666653951009
2026-05-19 05:00:00,0.6615771430885129,3.9578819274902344,2.544619083404541,6.502501010894775,0,0.37700000000040745,34.79999923706055,18.899999618530273,10.066666920979818
2026-05-19 05:15:00,0.8351319403361099,3.96026349067688,2.5633230209350586,6.5235865116119385,0,0.7639999999992142,34.766666412353516,18.899999618530273,10.266666730244955
2026-05-19 05:30:00,1.0210051804380542,3.9501078128814697,2.585482358932495,6.535590171813965,0,1.004000000000815,34.666666666666664,18.899999618530273,10.600000063578287
2026-05-19 05:45:00,1.2952641618510112,3.950754165649414,2.548728704452514,6.499482870101929,0,1.1649999999990541,34.333333333333336,18.866666158040363,10.96666653951009
2026-05-19 06:00:00,1.5937213900579679,4.04801082611084,2.5424249172210693,6.590435743331909,0,0.7450000000008004,31.700000127156574,18.799999237060547,11.133333524068197
2026-05-19 06:15:00,1.7828844220201236,4.050677299499512,0,4.050677299499512,0,0.3069999999988795,30.8000005086263,18.799999237060547,11.200000127156576
2026-05-19 06:30:00,1.9382722575507754,4.023979187011719,0,4.023979187011719,0,0.6240000000016153,31.766666412353516,18.799999237060547,11.366666475931803
2026-05-19 06:45:00,2.138364709137411,3.998059034347534,0,3.998059034347534,0,0.31899999999950523,32.93333307902018,18.799999237060547,11.566666920979818
2026-05-19 07:00:00,2.366749370721865,3.989785671234131,0,3.989785671234131,0,0.9179999999996653,33.96666717529297,18.799999237060547,11.699999809265137
2026-05-19 07:15:00,2.6171390845268436,4.021379470825195,0,4.021379470825195,0,1.3340000000007421,34.666666666666664,18.799999237060547,12.03333346048991
2026-05-19 07:30:00,3.080195565473044,4.057487487792969,0,4.057487487792969,0,2.5349999999998545,35,18.700000762939453,12.399999936421713
2026-05-19 07:45:00,3.6764155102720237,4.060789585113525,2.578013181686402,6.638802766799927,0,3.1829999999990832,35,18.700000762939453,12.800000190734863
2026-05-19 08:00:00,4.192547299896302,4.092310905456543,2.584143877029419,6.676454782485962,0,2.9240000000008877,35,18.700000762939453,13.333333333333334
2026-05-19 08:15:00,4.688903785116421,4.096579551696777,2.5936553478240967,6.690234899520874,0,3.345999999999549,34.900001525878906,18.700000762939453,13.766666730244955
2026-05-19 08:30:00,5.1941427083591085,4.061980247497559,2.569082498550415,6.631062746047974,0,3.5049999999991996,34.86666742960612,18.700000762939453,14.266666730244955
2026-05-19 08:45:00,5.542568219598387,4.0471577644348145,2.5855844020843506,6.632742166519165,0,4.356000000001586,34.79999923706055,18.700000762939453,14.800000190734863
2026-05-19 09:00:00,6.168030758710357,4.022384166717529,2.5845272541046143,6.6069114208221436,0,4.542999999999665,34.666666666666664,18.700000762939453,15.233333587646486
2026-05-19 09:15:00,6.61906122274534,4.107198715209961,2.499880313873291,6.607079029083252,0,4.9319999999988795,34.13333384195963,18.766666412353516,15.96666685740153
2026-05-19 09:30:00,6.655175826721883,4.113937854766846,2.515338182449341,6.6292760372161865,0,3.0120000000006257,31.766667048136394,18.799999237060547,16.100000381469727
2026-05-19 09:45:00,6.31724109619239,4.097347259521484,0,4.097347259521484,0,3.911000000000058,31.3000005086263,18.799999237060547,16.5
2026-05-19 10:00:00,5.8218349952874435,4.081737518310547,0,4.081737518310547,0,3.2260000000005675,32.40000025431315,18.799999237060547,16.733332951863606
2026-05-19 10:15:00,5.413754591649665,4.112964630126953,0,4.112964630126953,0,3.513999999999214,33.53333282470703,18.799999237060547,16.933333079020183
2026-05-19 10:30:00,5.380929779533334,4.096846103668213,0,4.096846103668213,0,3.0229999999992287,34.43333435058594,18.799999237060547,16.96666653951009
2026-05-19 10:45:00,5.20986060280234,4.115921974182129,0,4.115921974182129,0,3.507000000001426,34.96666590372721,18.899999618530273,17.03333346048991
2026-05-19 11:00:00,4.782187660974858,4.1002116203308105,0,4.1002116203308105,0,4.445999999999913,35.03333282470703,18.899999618530273,17.266666412353516
2026-05-19 11:15:00,4.374216917065754,4.103854179382324,2.49141001701355,6.595264196395874,0,3.4069999999992433,35,18.899999618530273,17.5
2026-05-19 11:30:00,4.427511545201178,4.07547664642334,2.5353434085845947,6.610820055007935,0,4.358000000000175,34.96666717529297,18.96666653951009,17.600000381469727
2026-05-19 11:45:00,4.291789354346013,4.098522663116455,2.52077579498291,6.619298458099365,0,2.8430000000007567,34.900001525878906,19,17.733333587646484
2026-05-19 12:00:00,4.10419811182818,4.0530290603637695,2.5221991539001465,6.575228214263916,0,2.1929999999993015,34.86666742960612,19,17.133333206176758
2026-05-19 12:15:00,4.064355077076731,4.064221382141113,2.451723098754883,6.515944480895996,0,3.480999999999767,34.79999923706055,19.03333346048991,16.866666158040363
2026-05-19 12:30:00,3.8322419847173705,4.119108200073242,2.4546661376953125,6.573774337768555,0,4.875,34.699999491373696,19.100000381469727,16.900000254313152
2026-05-19 12:45:00,3.5309336035648973,4.141146183013916,2.4676055908203125,6.6087517738342285,0,3.0640000000003056,34.233333587646484,19.100000381469727,17.299999237060547
2026-05-19 13:00:00,3.2426381768817047,4.122876167297363,2.5288403034210205,6.651716470718384,0,2.8179999999993015,32.46666717529297,19.100000381469727,17.433333079020183
2026-05-19 13:15:00,3.0269009373376194,4.095036029815674,0,4.095036029815674,0,0.9330000000009022,31.366666793823242,19.100000381469727,17.100000381469727
2026-05-19 13:30:00,2.956864923958008,4.094542026519775,0,4.094542026519775,0,1.9509999999991123,32.53333282470703,19.200000762939453,17.133333841959637
2026-05-19 13:45:00,2.8990376937040696,4.114262104034424,0,4.114262104034424,0,2.2880000000004657,33.70000076293945,19.200000762939453,16.666666666666668
2026-05-19 14:00:00,2.7431381127729404,4.113631248474121,0,4.113631248474121,0,1.764999999999418,34.43333307902018,19.200000762939453,16.700000762939453
2026-05-19 14:15:00,2.4294381822803377,4.106904983520508,0,4.106904983520508,0,2.272000000000844,34.96666717529297,19.299999237060547,16.600000381469727
2026-05-19 14:30:00,2.1159941244879734,4.120020866394043,0,4.120020866394043,0,2.52599999999984,35,19.299999237060547,16.600000381469727
2026-05-19 14:45:00,1.8652754314969735,4.015766620635986,2.4734914302825928,6.489258050918579,0,2.2010000000009313,34.96666717529297,19.299999237060547,16.633333841959637
2026-05-19 15:00:00,1.6336740845380908,4.022263526916504,2.5023458003997803,6.524609327316284,0,1.8439999999991414,34.900001525878906,19.399999618530273,16.600000381469727
2026-05-19 15:15:00,1.5080405887209065,3.974268674850464,2.498504638671875,6.472773313522339,0,0.9400000000005093,34.900001525878906,19.399999618530273,16.600000381469727
2026-05-19 15:30:00,1.422652213326975,3.9758284091949463,2.455068349838257,6.430896759033203,0,1.2729999999992287,34.833333333333336,19.399999618530273,16.433333079020183
2026-05-19 15:45:00,1.2747943458319182,3.98173189163208,2.448768138885498,6.430500030517578,0,0.9290000000000873,34.699999491373696,19.399999618530273,16.400000254313152
2026-05-19 16:00:00,1.0773337277334516,3.970977783203125,2.3499503135681152,6.32092809677124,0,0.5900000000001455,33.900001525878906,19.433333079020183,15.833333651224773
2026-05-19 16:15:00,0.9218727857170173,3.965526342391968,2.4666237831115723,6.43215012550354,0,0.3610000000007858,31.133333206176758,19.5,15.633333524068197
2026-05-19 16:30:00,0.8842229455390423,3.969430685043335,0,3.969430685043335,9.99999996565748e-4,0.33100000000013097,31.166666666666668,19.5,15.53333346048991
2026-05-19 16:45:00,0.8776068085757283,3.96399450302124,0,3.96399450302124,0.23200000000360887,0,32.33333396911621,19.5,15.666666666666668
2026-05-19 17:00:00,0.8421501629712276,3.944340944290161,0,3.944340944290161,0.38100000000122236,0,33.56666692097982,19.5,15.699999809265137
2026-05-19 17:15:00,0.7756963673949573,3.9290764331817623,0,3.9290764331817623,0.2900000000008731,0,34.46666590372721,19.53333346048991,15.666666666666666
2026-05-19 17:30:00,0.6356608938786252,3.927415609359741,0,3.927415609359741,0.00399999999353895,0.5739999999987049,34.96666717529297,19.600000381469727,15.46666653951009
2026-05-19 17:45:00,0.46934363872349333,3.93735671043396,0,3.93735671043396,0,0.42000000000007276,35,19.600000381469727,15.299999872843424
2026-05-19 18:00:00,0.3544933495592242,3.9536774158477783,2.3638222217559814,6.31749963760376,0,0.1319999999996071,34.93333435058594,19.600000381469727,15.100000381469728
2026-05-19 18:15:00,0.27663494220088763,3.98651671409607,2.3692405223846436,6.355757236480713,0,0.10300000000097498,34.900001525878906,19.600000381469727,14.899999618530272
2026-05-19 18:30:00,0.23273449748851105,3.971136093139648,2.375976324081421,6.347112417221069,0.004000000000814907,0.011000000000422006,34.79999923706055,19.600000381469727,14.866666475931803
2026-05-19 18:45:00,0.16690210704139177,3.9677016735076904,2.337784767150879,6.305486440658569,0.02500000000145519,0,34.733333587646484,19.600000381469727,14.733333269755045
2026-05-19 19:00:00,0.06316400371605892,3.960212469100952,2.3502683639526367,6.310480833053589,0.05700000000069849,0,34.300000508626304,19.666667302449543,14.600000063578289
2026-05-19 19:15:00,0.004130516446709871,3.970355272293091,2.3662009239196777,6.3365561962127686,0.33699999999953434,0.002999999998792191,31.766666412353516,19.700000762939453,14.566666603088379
2026-05-19 19:30:00,0,3.974156379699707,0,3.974156379699707,0.771999999997206,0,31.366666793823242,19.700000762939453,14.566666920979818
2026-05-19 19:45:00,0,3.940507650375366,0,3.940507650375366,0.805000000000291,0,32.5,19.700000762939453,14.5
2026-05-19 20:00:00,0,3.94635272026062,0,3.94635272026062,0.6990000000005239,0,33.53333409627279,19.700000762939453,14.399999618530272
2026-05-19 20:15:00,0,3.9176764488220215,0,3.9176764488220215,0.588000000003376,0,34.33333206176758,19.700000762939453,14.5
2026-05-19 20:30:00,0,3.9242427349090576,0,3.9242427349090576,0.4400000000023283,0,34.90000025431315,19.700000762939453,14.53333346048991
2026-05-19 20:45:00,0,3.9677369594573975,0,3.9677369594573975,0.08199999999487773,0,35,19.700000762939453,14.433333079020182
2026-05-19 21:00:00,0,3.98337197303772,2.3997929096221924,6.383164882659912,0.08299999999871943,0,35,19.700000762939453,14.366666475931803
2026-05-19 21:15:00,0,3.992539644241333,2.357827425003052,6.350367069244385,0.07900000000518048,0,35,19.700000762939453,14.300000190734863
2026-05-19 21:30:00,0,4.021761894226074,2.480367660522461,6.502129554748535,0.07899999999790452,0,34.900001525878906,19.700000762939453,14.300000190734863
2026-05-19 21:45:00,0,4.025903224945068,2.439857482910156,6.465760707855225,0.07699999999749707,0,34.86666742960612,19.700000762939453,14.200000127156576
2026-05-19 22:00:00,0,4.029407501220703,2.432276487350464,6.461683988571167,0.07700000000477303,0,34.699999491373696,19.700000762939453,14.199999809265137
2026-05-19 22:15:00,0,4.041236877441406,2.3941893577575684,6.435426235198975,0.07600000000093132,0,34.1000010172526,19.700000762939453,14.133333524068197
2026-05-19 22:30:00,0,4.038412570953369,2.498202085494995,6.536614656448364,0.3019999999960419,0,32.06666692097982,19.700000762939453,14.133333524068197
2026-05-19 22:45:00,0,4.035670280456543,0,4.035670280456543,0.7520000000004075,0,31.333333333333332,19.700000762939453,14.03333346048991
2026-05-19 23:00:00,0,4.0429301261901855,0,4.0429301261901855,0.7969999999986612,0,32.43333307902018,19.700000762939453,14.03333346048991
2026-05-19 23:15:00,0,4.057570934295654,0,4.057570934295654,0.713000000003376,0,33.5,19.700000762939453,14.03333346048991
2026-05-19 23:30:00,0,4.043120384216309,0,4.043120384216309,0.602999999995518,0,34.233333587646484,19.700000762939453,14.066666920979818
2026-05-19 23:45:00,0,4.038339138031006,0,4.038339138031006,0.5910000000003492,0,34.766666412353516,19.600000381469727,14.133333524068197
2026-05-20 00:00:00,0,4.046114444732666,0,4.046114444732666,0.13200000000506407,0,35.04999923706055,19.600000381469727,14
2026-05-20 00:15:00,0,4.043362617492676,2.536870241165161,6.580232858657837,0.07699999999749707,0,35,19.600000381469727,14.066666920979818
2026-05-20 00:30:00,0,4.045539379119873,2.504884958267212,6.550424337387085,0.07600000000093132,0,35,19.600000381469727,13.96666653951009
2026-05-20 00:45:00,0,4.045962810516357,2.530920028686523,6.576882839202881,0.07699999999749707,0,35,19.600000381469727,14
2026-05-20 01:00:00,0,4.0209760665893555,2.4636120796203613,6.484588146209717,0.07600000000093132,0,34.900001525878906,19.600000381469727,14
2026-05-20 01:15:00,0,4.032027244567871,2.525700092315674,6.557727336883545,0.07600000000093132,0,34.900001525878906,19.600000381469727,14
2026-05-20 01:30:00,0,4.030762195587158,2.549428939819336,6.580191135406494,0.07699999999749707,0,34.833333333333336,19.600000381469727,14.100000063578289
2026-05-20 01:45:00,0,4.038679599761963,2.5307369232177734,6.569416522979736,0.07800000000133878,0,34.733333587646484,19.600000381469727,14.100000381469728
2026-05-20 02:00:00,0,4.056130886077881,2.5404763221740723,6.596607208251953,0.07800000000133878,0,34.166666666666664,19.600000381469727,14.100000063578289
2026-05-20 02:15:00,0,4.059236526489258,2.55025315284729,6.609489679336548,0.2849999999962165,0,32.23333422342936,19.566666920979817,14.199999809265137
2026-05-20 02:30:00,0,4.060872554779053,0,4.060872554779053,0.739000000001397,0,31.299999872843426,19.5,14.066666920979818
2026-05-20 02:45:00,0,4.057039737701416,0,4.057039737701416,0.8000000000029104,0,32.36666615804037,19.5,14.066666920979818
2026-05-20 03:00:00,0,4.050379276275635,0,4.050379276275635,0.7209999999977299,0,33.40000025431315,19.5,14
2026-05-20 03:15:00,0,4.054186820983887,0,4.054186820983887,0.6019999999989523,0,34.20000076293945,19.5,13.866666475931803
2026-05-20 03:30:00,0,4.0530548095703125,0,4.0530548095703125,0.44600000000355067,0,34.86666742960612,19.5,13.833333333333332
2026-05-20 03:45:00,0,4.044508457183838,0,4.044508457183838,0.07499999999708962,0,35,19.5,13.833333333333332
2026-05-20 04:00:00,0.006835456420661468,4.034121990203857,2.5322234630584717,6.566345453262329,0.04800000000250293,0,35,19.5,13.866666793823242
2026-05-20 04:15:00,0.039075416650733205,4.044963359832764,2.5374886989593506,6.582452058792114,0.0029999999969732016,0.016999999999825377,34.900001525878906,19.5,14.066666920979818
2026-05-20 04:30:00,0.09595226258949921,4.033107757568359,2.5568253993988037,6.589933156967163,0,0.023000000001047738,34.900001525878906,19.5,14.199999809265137
2026-05-20 04:45:00,0.23883888905134776,4.007019996643066,2.530921220779419,6.537941217422485,0,0.15499999999883585,34.86666742960612,19.5,14.066666920979818
2026-05-20 05:00:00,0.4001117966874889,4.017495632171631,2.542901039123535,6.560396671295166,0,0.3120000000017171,34.79999923706055,19.5,14.100000381469728
2026-05-20 05:15:00,0.587045080833279,3.992171049118042,2.5310986042022705,6.5232696533203125,0,0.36199999999917054,34.666666666666664,19.399999618530273,14.300000190734863
2026-05-20 05:30:00,0.80501206819373,3.98647141456604,2.537503480911255,6.523974895477295,0,0.7420000000001892,33.833333333333336,19.399999618530273,14.5
2026-05-20 05:45:00,1.0661118821658415,3.9827585220336914,2.5438990592956543,6.526657581329346,0.0030000000042491592,0.2510000000002037,31.400000254313152,19.399999618530273,14.600000381469728
2026-05-20 06:00:00,1.2394839131989825,3.969956874847412,0,3.969956874847412,0.04499999999825377,0.04799999999886495,31.53333282470703,19.399999618530273,14.733333269755045
2026-05-20 06:15:00,1.4680878942407836,3.974955320358277,0,3.974955320358277,0,0.7600000000002183,32.833333333333336,19.399999618530273,15
2026-05-20 06:30:00,1.6389011982715378,3.973356962203979,0,3.973356962203979,0.0029999999969732016,0.3540000000011787,33.93333307902018,19.399999618530273,15.133333524068197
2026-05-20 06:45:00,1.7283104303835055,3.999425649642944,0,3.999425649642944,0,0.5,34.63333384195963,19.399999618530273,15.100000381469728
2026-05-20 07:00:00,1.7495478645033147,4.011044025421143,0,4.011044025421143,0,0.9459999999999127,34.96666717529297,19.399999618530273,15.133333524068197
2026-05-20 07:15:00,1.8497403032681974,4.0151872634887695,2.5476438999176025,6.562831163406372,0,0.5720000000001164,34.93333435058594,19.399999618530273,15.133333524068197
2026-05-20 07:30:00,2.089931662306521,4.007029056549072,2.5428924560546875,6.54992151260376,0,1.0469999999986612,33.16666793823242,15.733332951863606,14.700000127156576
2026-05-20 07:45:00,2.5269622343141602,4.057511806488037,0,4.057511806488037,0.05500000000029104,1.018000000000029,25.133333206176758,12.600000063578289,14.600000063578289
2026-05-20 08:00:00,3.6536428399507828,4.083860874176025,0,4.083860874176025,0,1.4000000000014552,23.333333333333332,13.866666793823242,14.899999618530272
2026-05-20 08:15:00,4.438038879153854,4.061925411224365,0,4.061925411224365,0,1.9599999999991269,21.03333346048991,13.566666920979818,14.933333396911621
2026-05-20 08:30:00,4.764020699257912,4.059235095977783,0,4.059235095977783,0,5.433999999999287,19.700000127156574,13.899999936421711,16.03333346048991
2026-05-20 08:45:00,4.534795313086961,4.097026824951172,0,4.097026824951172,0,5.040000000000873,20.299999872843426,13.899999936421711,16.733333587646484
2026-05-20 09:00:00,4.4784667657915636,4.026402473449707,2.5036911964416504,6.530093669891357,0,3.6379999999990105,20.733332951863606,13.566666603088379,16.833333333333332
2026-05-20 09:15:00,4.712334413809703,4.030616283416748,2.4997997283935547,6.530416011810303,0,3.702000000001135,20.400000254313152,13.233333269755045,17.066666920979817
2026-05-20 09:30:00,5.315645687729583,0,2.530146837234497,2.530146837234497,0.0030000000042491592,0.5619999999998981,23.299999872843426,12.633333524068197,16.933333079020183
2026-05-20 09:45:00,5.790764738829892,0,0,0,0,1.3850000000002183,28.299999872843426,11.699999809265137,17.266667048136394
2026-05-20 10:00:00,5.706326747751133,0,0,0,0,1.764999999999418,33.20000012715658,11.133333524068197,17.700000127156574
2026-05-20 10:15:00,5.937672222009777,0,0,0,0,3.113999999999578,35.29999923706055,11.366666793823242,17.666667302449543
2026-05-20 10:30:00,6.3134030056888095,3.9893686771392822,2.4697558879852295,6.459124565124512,0,2.355999999999767,35.266666412353516,12.066666603088379,17.133333841959637
2026-05-20 10:45:00,6.82873062396948,4.001580715179443,2.5159575939178467,6.51753830909729,0,3.081000000000131,35.233333587646484,12.566666603088379,17.100000381469727
2026-05-20 11:00:00,7.248471512089564,4.027469635009766,2.446063995361328,6.473533630371094,0,3.338000000001557,35.13333257039388,13.033333142598469,17.166667302449543
2026-05-20 11:15:00,7.435185476778006,4.016417026519775,2.464369773864746,6.4807868003845215,0,6.3729999999995925,35.03333282470703,13.399999936421711,17.799999872843426
2026-05-20 11:30:00,7.647925350405011,4.069563865661621,2.4149158000946045,6.484479665756226,0,6.593999999999141,34.96666717529297,13.799999872843424,18.900000254313152
2026-05-20 11:45:00,7.803898037821922,4.06360387802124,2.4025354385375977,6.466139316558838,0,3.684000000001106,34.86666742960612,14.133333524068197,19.099999745686848
2026-05-20 12:00:00,8.23588426231057,4.023943901062012,2.444772720336914,6.468716621398926,0,5.514999999999418,34.766666412353516,14.5,18.93333371480306
2026-05-20 12:15:00,7.927338339065632,4.065841197967529,2.4289348125457764,6.494776010513306,0,3.2620000000006257,34.59999974568685,14.733333269755045,18.96666717529297
2026-05-20 12:30:00,7.662473541075723,4.047248840332031,2.415626049041748,6.462874889373779,0,5.570999999999913,33.86666742960612,14.96666653951009,18.5
2026-05-20 12:45:00,7.533367487183871,4.108224868774414,2.4414353370666504,6.5496602058410645,0,5.860999999998967,32.066667556762695,15.166666666666668,19.133333206176758
2026-05-20 13:00:00,7.171015190403031,4.084408760070801,0,4.084408760070801,0,5.52100000000064,31.666666666666668,15.399999936421711,20.06666628519694
2026-05-20 13:15:00,6.621254417318815,4.065859317779541,0,4.065859317779541,0,3.05199999999968,32.666666666666664,15.600000063578289,20.099999745686848
2026-05-20 13:30:00,6.252541856274899,4.07560920715332,0,4.07560920715332,0,3.4359999999996944,33.666666666666664,15.833333333333332,20.166666666666668
2026-05-20 13:45:00,5.817156180197365,4.06635856628418,0,4.06635856628418,0,3.9400000000005093,34.43333307902018,16.100000381469727,20.066666920979817
2026-05-20 14:00:00,5.259024714491056,4.130281448364258,0,4.130281448364258,0,4.356999999999971,34.90000025431315,16.299999872843426,20.5
2026-05-20 14:15:00,4.777362632913215,4.060324192047119,0,4.060324192047119,0,3.063000000000102,34.96666717529297,16.566666920979817,20.200000127156574
2026-05-20 14:30:00,4.367089034701962,4.048722743988037,2.440808057785034,6.489530801773071,0,4.471999999999753,34.93333435058594,16.766666412353516,20.46666653951009
2026-05-20 14:45:00,3.8322419847173705,4.0930562019348145,2.3906702995300293,6.483726501464844,0,2.5419999999994616,34.900001525878906,17,20.766666412353516
2026-05-20 15:00:00,3.3421726572745456,4.057379722595215,2.406196355819702,6.463576078414917,0,2.9980000000014115,34.900001525878906,17.200000127156574,20.333333333333332
2026-05-20 15:15:00,3.083412250847473,4.056829452514648,2.452366828918457,6.5091962814331055,0,2.0819999999985157,34.766666412353516,17.399999618530273,20.099999745686848
2026-05-20 15:30:00,2.8088973967342774,4.022096633911133,2.4275248050689697,6.4496214389801025,0,2.3919999999998254,34.13333257039388,17.566666920979817,19.6999994913737
2026-05-20 15:45:00,2.479296805583986,4.021540641784668,2.4099671840667725,6.43150782585144,0,3.662000000000262,31.366666158040363,17.766666412353516,19.566666920979817
2026-05-20 16:00:00,2.1820458343924405,3.9909110069274902,0,3.9909110069274902,0,0.7920000000012806,31.56666628519694,17.933333079020183,19.433333079020183
2026-05-20 16:15:00,2.0537073986013046,3.978218555450439,0,3.978218555450439,0,1.0999999999985448,32.86666615804037,18.100000381469727,19.366666158040363
2026-05-20 16:30:00,1.8259806953888928,3.973471164703369,0,3.973471164703369,0.014999999999417923,0.3890000000010332,34,18.266666412353516,18.733333587646484
2026-05-20 16:45:00,1.5521603528906305,3.949068546295166,0,3.949068546295166,0.0319999999992433,0.10399999999935972,34.59999974568685,18.433333079020183,18.200000127156574
2026-05-20 17:00:00,1.3537493504769917,3.928993225097656,0,3.928993225097656,0,0.7790000000004511,35,18.566666920979817,17.600000381469727
2026-05-20 17:15:00,1.1350878515016074,4.006586074829102,2.3997843265533447,6.406370401382446,0,1.2250000000003638,35,18.700000762939453,17.799999872843426
2026-05-20 17:30:00,0.9129537944515552,4.06287956237793,2.371530294418335,6.434409856796265,0,1.0829999999987194,34.900001525878906,18.833332697550457,17.833333333333332
2026-05-20 17:45:00,0.6398645168111177,3.958316564559937,2.435046911239624,6.3933634757995605,0,0.8760000000002037,34.900001525878906,18.933333079020183,17.733333587646484
2026-05-20 18:00:00,0.42855021965687196,3.945032358169556,2.4509761333465576,6.396008491516113,0,0.4719999999997526,34.79999923706055,19.066666920979817,18.03333346048991
2026-05-20 18:15:00,0.2811675443194011,3.923285007476806,2.365410804748535,6.288695812225342,0,0.3010000000012951,34.53333409627279,19.166667302449543,17.833333333333332
2026-05-20 18:30:00,0.17673492937913474,3.9150779247283936,2.314321517944336,6.2293994426727295,0.05099999999947613,0.12299999999959255,32.70000012715658,19.266666412353516,17.700000127156574
2026-05-20 18:45:00,0.09024995669846612,3.93401837348938,0,3.93401837348938,0.6129999999975553,0,31.133333206176758,19.366666158040363,17.566666920979817
2026-05-20 19:00:00,0.02803633729757939,3.9280691146850586,0,3.9280691146850586,0.794000000001688,0,31.96666717529297,19.433333079020183,17.333332697550457
2026-05-20 19:15:00,0.001608342687214463,3.8900203704833984,0,3.8900203704833984,0.7750000000014552,0,33.166666666666664,19.53333346048991,17.233333587646484
2026-05-20 19:30:00,0,3.966638803482056,0,3.966638803482056,0.6549999999988358,0,34,19.600000381469727,17.299999872843426
2026-05-20 19:45:00,0,3.9548003673553462,0,3.9548003673553462,0.580999999998312,0,34.53333409627279,19.700000762939453,17.266666412353516
2026-05-20 20:00:00,0,3.9530181884765625,0,3.9530181884765625,0.3150000000023283,0,34.96666717529297,19.766666412353516,17.100000381469727
2026-05-20 20:15:00,0,3.966588735580444,0,3.966588735580444,0.08000000000174623,0,35,19.799999237060547,16.899999618530273
2026-05-20 20:30:00,0,3.98669958114624,2.3999204635620117,6.386620044708252,0.07800000000133878,0,34.96666717529297,19.899999618530273,16.799999872843426
2026-05-20 20:45:00,0,3.992635488510132,2.4371211528778076,6.4297566413879395,0.07699999999749707,0,34.900001525878906,19.933333079020183,16.666666666666668
2026-05-20 21:00:00,0,3.995198011398315,2.422877311706543,6.418075323104858,0.07800000000133878,0,34.900001525878906,20,16.53333346048991
2026-05-20 21:15:00,0,3.994805812835694,2.3851840496063232,6.379989862442017,0.07899999999790452,0,34.79999923706055,20.03333346048991,16.366666158040363
2026-05-20 21:30:00,0,4.023992538452148,2.3966634273529053,6.420655965805054,0.07699999999749707,0,34.666666666666664,20.100000381469727,16.299999237060547
2026-05-20 21:45:00,0,4.033079624176025,2.3889729976654053,6.422052621841431,0.07600000000093132,0,34.36666615804037,20.100000381469727,16.166667302449543
2026-05-20 22:00:00,0,4.061193943023682,2.4142632484436035,6.475457191467285,0.13200000000506407,0,32.86666615804037,20.166667302449543,15.96666653951009
2026-05-20 22:15:00,0,4.0613017082214355,0,4.0613017082214355,0.8369999999995343,0,31.599999745686848,20.200000762939453,15.933333079020182
2026-05-20 22:30:00,0,4.06530237197876,0,4.06530237197876,0.8689999999987776,0,32.5,20.200000762939453,15.833333333333332
2026-05-20 22:45:00,0,3.9945452213287354,0,3.9945452213287354,0.7330000000001746,0,33.666666666666664,20.233333587646484,15.699999809265137
2026-05-20 23:00:00,0,4.0031304359436035,0,4.0031304359436035,0.5950000000011642,0,34.46666717529297,20.299999237060547,15.5
2026-05-20 23:15:00,0,4.001029968261719,0,4.001029968261719,0.2569999999977881,0,34.96666717529297,20.299999237060547,15.46666653951009
2026-05-20 23:30:00,0,4.006555557250977,0,4.006555557250977,0.07800000000133878,0,35,20.299999237060547,15.066666920979818
2026-05-20 23:45:00,0,4.0048017501831055,2.4093611240386963,6.414162874221802,0.08099999999831198,0,34.93333435058594,20.333332697550457,14.733333587646484
