datetime,co2_g_per_kwh
2024-09-30T22:00:00Z,69.413
2024-09-30T23:00:00Z,62.81
2024-10-01T00:00:00Z,61.133
2024-10-01T01:00:00Z,59.314
2024-10-01T02:00:00Z,58.806
2024-10-01T03:00:00Z,62.535
2024-10-01T04:00:00Z,73.13
2024-10-01T05:00:00Z,82.448
2024-10-01T06:00:00Z,77.755
2024-10-01T07:00:00Z,79.1
2024-10-01T08:00:00Z,66.443
2024-10-01T09:00:00Z,68.735
2024-10-01T10:00:00Z,60.118
2024-10-01T11:00:00Z,59.235
2024-10-01T12:00:00Z,59.743
2024-10-01T13:00:00Z,69.846
2024-10-01T14:00:00Z,89.053
2024-10-01T15:00:00Z,122.59
2024-10-01T16:00:00Z,148.286
2024-10-01T17:00:00Z,161.262
2024-10-01T18:00:00Z,198.645
2024-10-01T19:00:00Z,193.33
2024-10-01T20:00:00Z,187.056
2024-10-01T21:00:00Z,187.31
2024-10-01T22:00:00Z,138.457
2024-10-01T23:00:00Z,131.868
2024-10-02T00:00:00Z,131.612
2024-10-02T01:00:00Z,124.362
2024-10-02T02:00:00Z,127.844
2024-10-02T03:00:00Z,141.703
2024-10-02T04:00:00Z,158.57
2024-10-02T05:00:00Z,185.113
2024-10-02T06:00:00Z,182.725
2024-10-02T07:00:00Z,155.258
2024-10-02T08:00:00Z,132.232
2024-10-02T09:00:00Z,101.009
2024-10-02T10:00:00Z,95.343
2024-10-02T11:00:00Z,102.114
2024-10-02T12:00:00Z,117.374
2024-10-02T13:00:00Z,120.556
2024-10-02T14:00:00Z,111.884
2024-10-02T15:00:00Z,138.468
2024-10-02T16:00:00Z,159.476
2024-10-02T17:00:00Z,178.691
2024-10-02T18:00:00Z,187.303
2024-10-02T19:00:00Z,163.95
2024-10-02T20:00:00Z,151.342
2024-10-02T21:00:00Z,124.107
2024-10-02T22:00:00Z,90.506
2024-10-02T23:00:00Z,81.592
2024-10-03T00:00:00Z,76.755
2024-10-03T01:00:00Z,78.862
2024-10-03T02:00:00Z,78.312
2024-10-03T03:00:00Z,86.307
2024-10-03T04:00:00Z,104.058
2024-10-03T05:00:00Z,128.595
2024-10-03T06:00:00Z,127.795
2024-10-03T07:00:00Z,116.572
2024-10-03T08:00:00Z,81.85
2024-10-03T09:00:00Z,77.871
2024-10-03T10:00:00Z,73.644
2024-10-03T11:00:00Z,69.159
2024-10-03T12:00:00Z,69.488
2024-10-03T13:00:00Z,72.058
2024-10-03T14:00:00Z,91.061
2024-10-03T15:00:00Z,109.721
2024-10-03T16:00:00Z,124.274
2024-10-03T17:00:00Z,145.17
2024-10-03T18:00:00Z,161.534
2024-10-03T19:00:00Z,154.56
2024-10-03T20:00:00Z,143.667
2024-10-03T21:00:00Z,139.706
2024-10-03T22:00:00Z,114.543
2024-10-03T23:00:00Z,94.738
2024-10-04T00:00:00Z,98.643
2024-10-04T01:00:00Z,96.387
2024-10-04T02:00:00Z,83.816
2024-10-04T03:00:00Z,98.157
2024-10-04T04:00:00Z,135.609
2024-10-04T05:00:00Z,142.488
2024-10-04T06:00:00Z,153.336
2024-10-04T07:00:00Z,138.452
2024-10-04T08:00:00Z,132.364
2024-10-04T09:00:00Z,97.293
2024-10-04T10:00:00Z,78.776
2024-10-04T11:00:00Z,57.515
2024-10-04T12:00:00Z,58.185
2024-10-04T13:00:00Z,60.835
2024-10-04T14:00:00Z,76.772
2024-10-04T15:00:00Z,101.455
2024-10-04T16:00:00Z,131.35
2024-10-04T17:00:00Z,163.771
2024-10-04T18:00:00Z,175.657
2024-10-04T19:00:00Z,175.321
2024-10-04T20:00:00Z,186.038
2024-10-04T21:00:00Z,203.669
2024-10-04T22:00:00Z,172.619
2024-10-04T23:00:00Z,143.058
2024-10-05T00:00:00Z,120.629
2024-10-05T01:00:00Z,104.986
2024-10-05T02:00:00Z,99.885
2024-10-05T03:00:00Z,90.368
2024-10-05T04:00:00Z,103.118
2024-10-05T05:00:00Z,113.427
2024-10-05T06:00:00Z,111.618
2024-10-05T07:00:00Z,99.354
2024-10-05T08:00:00Z,70.558
2024-10-05T09:00:00Z,59.174
2024-10-05T10:00:00Z,57.71
2024-10-05T11:00:00Z,56.113
2024-10-05T12:00:00Z,56.587
2024-10-05T13:00:00Z,58.979
2024-10-05T14:00:00Z,63.544
2024-10-05T15:00:00Z,73.849
2024-10-05T16:00:00Z,123.193
2024-10-05T17:00:00Z,128.683
2024-10-05T18:00:00Z,130.9
2024-10-05T19:00:00Z,115.398
2024-10-05T20:00:00Z,111.828
2024-10-05T21:00:00Z,101.544
2024-10-05T22:00:00Z,81.292
2024-10-05T23:00:00Z,76.173
2024-10-06T00:00:00Z,74.19
2024-10-06T01:00:00Z,75.557
2024-10-06T02:00:00Z,72.644
2024-10-06T03:00:00Z,72.018
2024-10-06T04:00:00Z,73.991
2024-10-06T05:00:00Z,77.52
2024-10-06T06:00:00Z,84.969
2024-10-06T07:00:00Z,77.812
2024-10-06T08:00:00Z,61.472
2024-10-06T09:00:00Z,58.37
2024-10-06T10:00:00Z,74.065
2024-10-06T11:00:00Z,74.055
2024-10-06T12:00:00Z,65.404
2024-10-06T13:00:00Z,68.624
2024-10-06T14:00:00Z,78.388
2024-10-06T15:00:00Z,84.248
2024-10-06T16:00:00Z,95.652
2024-10-06T17:00:00Z,107.08
2024-10-06T18:00:00Z,108.115
2024-10-06T19:00:00Z,94.161
2024-10-06T20:00:00Z,87.63
2024-10-06T21:00:00Z,100.826
2024-10-06T22:00:00Z,77.853
2024-10-06T23:00:00Z,71.655
2024-10-07T00:00:00Z,69.652
2024-10-07T01:00:00Z,67.671
2024-10-07T02:00:00Z,77.478
2024-10-07T03:00:00Z,93.177
2024-10-07T04:00:00Z,99.133
2024-10-07T05:00:00Z,115.198
2024-10-07T06:00:00Z,126.69
2024-10-07T07:00:00Z,117.578
2024-10-07T08:00:00Z,96.518
2024-10-07T09:00:00Z,93.208
2024-10-07T10:00:00Z,84.51
2024-10-07T11:00:00Z,89.892
2024-10-07T12:00:00Z,86.584
2024-10-07T13:00:00Z,90.981
2024-10-07T14:00:00Z,109.84
2024-10-07T15:00:00Z,148.554
2024-10-07T16:00:00Z,159.761
2024-10-07T17:00:00Z,162.324
2024-10-07T18:00:00Z,157.963
2024-10-07T19:00:00Z,135.007
2024-10-07T20:00:00Z,96.133
2024-10-07T21:00:00Z,80.217
2024-10-07T22:00:00Z,73.632
2024-10-07T23:00:00Z,67.955
2024-10-08T00:00:00Z,65.018
2024-10-08T01:00:00Z,63.69
2024-10-08T02:00:00Z,61.298
2024-10-08T03:00:00Z,65.328
2024-10-08T04:00:00Z,85.264
2024-10-08T05:00:00Z,104.994
2024-10-08T06:00:00Z,103.495
2024-10-08T07:00:00Z,93.389
2024-10-08T08:00:00Z,81.659
2024-10-08T09:00:00Z,77.474
2024-10-08T10:00:00Z,90.073
2024-10-08T11:00:00Z,96.051
2024-10-08T12:00:00Z,86.547
2024-10-08T13:00:00Z,86.512
2024-10-08T14:00:00Z,97.543
2024-10-08T15:00:00Z,121.278
2024-10-08T16:00:00Z,139.207
2024-10-08T17:00:00Z,142.871
2024-10-08T18:00:00Z,114.716
2024-10-08T19:00:00Z,97.242
2024-10-08T20:00:00Z,86.377
2024-10-08T21:00:00Z,78.849
2024-10-08T22:00:00Z,67.677
2024-10-08T23:00:00Z,62.565
2024-10-09T00:00:00Z,61.795
2024-10-09T01:00:00Z,60.66
2024-10-09T02:00:00Z,60.888
2024-10-09T03:00:00Z,71.712
2024-10-09T04:00:00Z,90.961
2024-10-09T05:00:00Z,95.968
2024-10-09T06:00:00Z,96.999
2024-10-09T07:00:00Z,84.24
2024-10-09T08:00:00Z,78.873
2024-10-09T09:00:00Z,76.642
2024-10-09T10:00:00Z,85.558
2024-10-09T11:00:00Z,83.324
2024-10-09T12:00:00Z,81.267
2024-10-09T13:00:00Z,97.03
2024-10-09T14:00:00Z,111.45
2024-10-09T15:00:00Z,127.596
2024-10-09T16:00:00Z,131.021
2024-10-09T17:00:00Z,131.762
2024-10-09T18:00:00Z,144.818
2024-10-09T19:00:00Z,118.307
2024-10-09T20:00:00Z,97.13
2024-10-09T21:00:00Z,68.621
2024-10-09T22:00:00Z,69.612
2024-10-09T23:00:00Z,70.194
2024-10-10T00:00:00Z,69.742
2024-10-10T01:00:00Z,70.312
2024-10-10T02:00:00Z,70.26
2024-10-10T03:00:00Z,70.614
2024-10-10T04:00:00Z,73.976
2024-10-10T05:00:00Z,96.443
2024-10-10T06:00:00Z,99.85
2024-10-10T07:00:00Z,104.619
2024-10-10T08:00:00Z,102.794
2024-10-10T09:00:00Z,100.212
2024-10-10T10:00:00Z,106.26
2024-10-10T11:00:00Z,113.914
2024-10-10T12:00:00Z,119.078
2024-10-10T13:00:00Z,110.042
2024-10-10T14:00:00Z,104.957
2024-10-10T15:00:00Z,122.724
2024-10-10T16:00:00Z,130.342
2024-10-10T17:00:00Z,142.708
2024-10-10T18:00:00Z,146.907
2024-10-10T19:00:00Z,136.046
2024-10-10T20:00:00Z,147.663
2024-10-10T21:00:00Z,146.397
2024-10-10T22:00:00Z,134.036
2024-10-10T23:00:00Z,129.812
2024-10-11T00:00:00Z,117.615
2024-10-11T01:00:00Z,108.081
2024-10-11T02:00:00Z,115.124
2024-10-11T03:00:00Z,126.209
2024-10-11T04:00:00Z,152.002
2024-10-11T05:00:00Z,168.36
2024-10-11T06:00:00Z,179.428
2024-10-11T07:00:00Z,161.99
2024-10-11T08:00:00Z,127.977
2024-10-11T09:00:00Z,97.025
2024-10-11T10:00:00Z,102.039
2024-10-11T11:00:00Z,104.222
2024-10-11T12:00:00Z,98.909
2024-10-11T13:00:00Z,89.365
2024-10-11T14:00:00Z,80.219
2024-10-11T15:00:00Z,124.707
2024-10-11T16:00:00Z,157.431
2024-10-11T17:00:00Z,173.79
2024-10-11T18:00:00Z,162.558
2024-10-11T19:00:00Z,144.195
2024-10-11T20:00:00Z,125.163
2024-10-11T21:00:00Z,106.512
2024-10-11T22:00:00Z,78.491
2024-10-11T23:00:00Z,70.988
2024-10-12T00:00:00Z,71.126
2024-10-12T01:00:00Z,69.648
2024-10-12T02:00:00Z,66.41
2024-10-12T03:00:00Z,66.5
2024-10-12T04:00:00Z,76.264
2024-10-12T05:00:00Z,81.334
2024-10-12T06:00:00Z,85.144
2024-10-12T07:00:00Z,82.702
2024-10-12T08:00:00Z,84.755
2024-10-12T09:00:00Z,85.06
2024-10-12T10:00:00Z,96.947
2024-10-12T11:00:00Z,94.733
2024-10-12T12:00:00Z,88.658
2024-10-12T13:00:00Z,79.459
2024-10-12T14:00:00Z,77.072
2024-10-12T15:00:00Z,80.271
2024-10-12T16:00:00Z,78.715
2024-10-12T17:00:00Z,91.049
2024-10-12T18:00:00Z,86.952
2024-10-12T19:00:00Z,89.751
2024-10-12T20:00:00Z,90.492
2024-10-12T21:00:00Z,93.559
2024-10-12T22:00:00Z,98.852
2024-10-12T23:00:00Z,105.331
2024-10-13T00:00:00Z,99.25
2024-10-13T01:00:00Z,96.514
2024-10-13T02:00:00Z,96.214
2024-10-13T03:00:00Z,101.258
2024-10-13T04:00:00Z,106.927
2024-10-13T05:00:00Z,108.673
2024-10-13T06:00:00Z,114.351
2024-10-13T07:00:00Z,120.449
2024-10-13T08:00:00Z,114.483
2024-10-13T09:00:00Z,105.599
2024-10-13T10:00:00Z,114.844
2024-10-13T11:00:00Z,124.359
2024-10-13T12:00:00Z,122.448
2024-10-13T13:00:00Z,114.02
2024-10-13T14:00:00Z,100.119
2024-10-13T15:00:00Z,132.356
2024-10-13T16:00:00Z,151.088
2024-10-13T17:00:00Z,182.076
2024-10-13T18:00:00Z,176.508
2024-10-13T19:00:00Z,166.42
2024-10-13T20:00:00Z,163.162
2024-10-13T21:00:00Z,159.94
2024-10-13T22:00:00Z,152.548
2024-10-13T23:00:00Z,136.916
2024-10-14T00:00:00Z,119.214
2024-10-14T01:00:00Z,91.438
2024-10-14T02:00:00Z,75.782
2024-10-14T03:00:00Z,82.201
2024-10-14T04:00:00Z,137.488
2024-10-14T05:00:00Z,182.817
2024-10-14T06:00:00Z,192.685
2024-10-14T07:00:00Z,170.82
2024-10-14T08:00:00Z,182.926
2024-10-14T09:00:00Z,172.949
2024-10-14T10:00:00Z,167.632
2024-10-14T11:00:00Z,158.834
2024-10-14T12:00:00Z,147.497
2024-10-14T13:00:00Z,156.881
2024-10-14T14:00:00Z,172.713
2024-10-14T15:00:00Z,190.637
2024-10-14T16:00:00Z,204.847
2024-10-14T17:00:00Z,213.607
2024-10-14T18:00:00Z,219.46
2024-10-14T19:00:00Z,204.95
2024-10-14T20:00:00Z,177.4
2024-10-14T21:00:00Z,162.159
2024-10-14T22:00:00Z,133.003
2024-10-14T23:00:00Z,112.877
2024-10-15T00:00:00Z,112.807
2024-10-15T01:00:00Z,113.601
2024-10-15T02:00:00Z,121.682
2024-10-15T03:00:00Z,127.452
2024-10-15T04:00:00Z,136.462
2024-10-15T05:00:00Z,150.812
2024-10-15T06:00:00Z,169.705
2024-10-15T07:00:00Z,166.811
2024-10-15T08:00:00Z,149.717
2024-10-15T09:00:00Z,139.177
2024-10-15T10:00:00Z,121.015
2024-10-15T11:00:00Z,115.511
2024-10-15T12:00:00Z,114.508
2024-10-15T13:00:00Z,115.186
2024-10-15T14:00:00Z,100.228
2024-10-15T15:00:00Z,113.407
2024-10-15T16:00:00Z,120.122
2024-10-15T17:00:00Z,118.244
2024-10-15T18:00:00Z,103.08
2024-10-15T19:00:00Z,105.747
2024-10-15T20:00:00Z,96.668
2024-10-15T21:00:00Z,102.212
2024-10-15T22:00:00Z,100.227
2024-10-15T23:00:00Z,89.619
2024-10-16T00:00:00Z,85.129
2024-10-16T01:00:00Z,77.799
2024-10-16T02:00:00Z,77.706
2024-10-16T03:00:00Z,82.878
2024-10-16T04:00:00Z,90.327
2024-10-16T05:00:00Z,94.227
2024-10-16T06:00:00Z,88.222
2024-10-16T07:00:00Z,85.327
2024-10-16T08:00:00Z,102.487
2024-10-16T09:00:00Z,119.261
2024-10-16T10:00:00Z,110.794
2024-10-16T11:00:00Z,109.053
2024-10-16T12:00:00Z,91.076
2024-10-16T13:00:00Z,76.945
2024-10-16T14:00:00Z,84.08
2024-10-16T15:00:00Z,98.138
2024-10-16T16:00:00Z,109.862
2024-10-16T17:00:00Z,119.762
2024-10-16T18:00:00Z,100.186
2024-10-16T19:00:00Z,88.156
2024-10-16T20:00:00Z,81.574
2024-10-16T21:00:00Z,85.898
2024-10-16T22:00:00Z,84.292
2024-10-16T23:00:00Z,94.972
2024-10-17T00:00:00Z,102.081
2024-10-17T01:00:00Z,94.825
2024-10-17T02:00:00Z,96.412
2024-10-17T03:00:00Z,89.413
2024-10-17T04:00:00Z,106.594
2024-10-17T05:00:00Z,115.802
2024-10-17T06:00:00Z,123.395
2024-10-17T07:00:00Z,128.766
2024-10-17T08:00:00Z,117.604
2024-10-17T09:00:00Z,116.769
2024-10-17T10:00:00Z,120.074
2024-10-17T11:00:00Z,110.269
2024-10-17T12:00:00Z,108.343
2024-10-17T13:00:00Z,120.821
2024-10-17T14:00:00Z,103.872
2024-10-17T15:00:00Z,150.743
2024-10-17T16:00:00Z,173.989
2024-10-17T17:00:00Z,159.394
2024-10-17T18:00:00Z,152.448
2024-10-17T19:00:00Z,127.506
2024-10-17T20:00:00Z,117.329
2024-10-17T21:00:00Z,116.508
2024-10-17T22:00:00Z,94.023
2024-10-17T23:00:00Z,79.128
2024-10-18T00:00:00Z,95.386
2024-10-18T01:00:00Z,92.649
2024-10-18T02:00:00Z,94.745
2024-10-18T03:00:00Z,112.018
2024-10-18T04:00:00Z,161.247
2024-10-18T05:00:00Z,164.705
2024-10-18T06:00:00Z,166.874
2024-10-18T07:00:00Z,161.95
2024-10-18T08:00:00Z,166.447
2024-10-18T09:00:00Z,137.772
2024-10-18T10:00:00Z,127.479
2024-10-18T11:00:00Z,138.869
2024-10-18T12:00:00Z,143.289
2024-10-18T13:00:00Z,141.718
2024-10-18T14:00:00Z,152.79
2024-10-18T15:00:00Z,146.366
2024-10-18T16:00:00Z,168.977
2024-10-18T17:00:00Z,174.742
2024-10-18T18:00:00Z,180.769
2024-10-18T19:00:00Z,138.494
2024-10-18T20:00:00Z,112.743
2024-10-18T21:00:00Z,94.086
2024-10-18T22:00:00Z,80.375
2024-10-18T23:00:00Z,74.17
2024-10-19T00:00:00Z,72.42
2024-10-19T01:00:00Z,71.751
2024-10-19T02:00:00Z,71.412
2024-10-19T03:00:00Z,70.888
2024-10-19T04:00:00Z,69.81
2024-10-19T05:00:00Z,82.952
2024-10-19T06:00:00Z,93.65
2024-10-19T07:00:00Z,79.986
2024-10-19T08:00:00Z,70.314
2024-10-19T09:00:00Z,62.088
2024-10-19T10:00:00Z,59.182
2024-10-19T11:00:00Z,72.602
2024-10-19T12:00:00Z,78.362
2024-10-19T13:00:00Z,72.431
2024-10-19T14:00:00Z,87.504
2024-10-19T15:00:00Z,114.342
2024-10-19T16:00:00Z,118.477
2024-10-19T17:00:00Z,136.537
2024-10-19T18:00:00Z,135.781
2024-10-19T19:00:00Z,126.166
2024-10-19T20:00:00Z,132.11
2024-10-19T21:00:00Z,116.055
2024-10-19T22:00:00Z,83.792
2024-10-19T23:00:00Z,77.215
2024-10-20T00:00:00Z,74.95
2024-10-20T01:00:00Z,74.285
2024-10-20T02:00:00Z,74.134
2024-10-20T03:00:00Z,76.798
2024-10-20T04:00:00Z,74.517
2024-10-20T05:00:00Z,76.857
2024-10-20T06:00:00Z,75.972
2024-10-20T07:00:00Z,70.063
2024-10-20T08:00:00Z,63.808
2024-10-20T09:00:00Z,58.337
2024-10-20T10:00:00Z,60.627
2024-10-20T11:00:00Z,61.791
2024-10-20T12:00:00Z,64.625
2024-10-20T13:00:00Z,54.612
2024-10-20T14:00:00Z,55.259
2024-10-20T15:00:00Z,67.568
2024-10-20T16:00:00Z,68.782
2024-10-20T17:00:00Z,76.253
2024-10-20T18:00:00Z,77.692
2024-10-20T19:00:00Z,88.952
2024-10-20T20:00:00Z,99.914
2024-10-20T21:00:00Z,104.729
2024-10-20T22:00:00Z,89.766
2024-10-20T23:00:00Z,91.665
2024-10-21T00:00:00Z,97.352
2024-10-21T01:00:00Z,90.839
2024-10-21T02:00:00Z,95.076
2024-10-21T03:00:00Z,101.424
2024-10-21T04:00:00Z,117.062
2024-10-21T05:00:00Z,133.661
2024-10-21T06:00:00Z,150.653
2024-10-21T07:00:00Z,146.989
2024-10-21T08:00:00Z,130.042
2024-10-21T09:00:00Z,119.482
2024-10-21T10:00:00Z,112.335
2024-10-21T11:00:00Z,108.97
2024-10-21T12:00:00Z,118.539
2024-10-21T13:00:00Z,141.238
2024-10-21T14:00:00Z,170.396
2024-10-21T15:00:00Z,195.924
2024-10-21T16:00:00Z,205.68
2024-10-21T17:00:00Z,217.266
2024-10-21T18:00:00Z,204.853
2024-10-21T19:00:00Z,174.787
2024-10-21T20:00:00Z,144.968
2024-10-21T21:00:00Z,136.512
2024-10-21T22:00:00Z,134.234
2024-10-21T23:00:00Z,138.947
2024-10-22T00:00:00Z,142.272
2024-10-22T01:00:00Z,142.574
2024-10-22T02:00:00Z,140.178
2024-10-22T03:00:00Z,154.618
2024-10-22T04:00:00Z,180.898
2024-10-22T05:00:00Z,179.842
2024-10-22T06:00:00Z,188.606
2024-10-22T07:00:00Z,181.248
2024-10-22T08:00:00Z,158.359
2024-10-22T09:00:00Z,134.356
2024-10-22T10:00:00Z,122.164
2024-10-22T11:00:00Z,113.431
2024-10-22T12:00:00Z,126.154
2024-10-22T13:00:00Z,141.841
2024-10-22T14:00:00Z,161.447
2024-10-22T15:00:00Z,169.048
2024-10-22T16:00:00Z,180.218
2024-10-22T17:00:00Z,210.668
2024-10-22T18:00:00Z,211.491
2024-10-22T19:00:00Z,204.679
2024-10-22T20:00:00Z,197.695
2024-10-22T21:00:00Z,186.347
2024-10-22T22:00:00Z,168.545
2024-10-22T23:00:00Z,156.08
2024-10-23T00:00:00Z,152.382
2024-10-23T01:00:00Z,153.157
2024-10-23T02:00:00Z,159.306
2024-10-23T03:00:00Z,168.277
2024-10-23T04:00:00Z,204.446
2024-10-23T05:00:00Z,202.068
2024-10-23T06:00:00Z,205.417
2024-10-23T07:00:00Z,183.987
2024-10-23T08:00:00Z,145.073
2024-10-23T09:00:00Z,118.772
2024-10-23T10:00:00Z,93.059
2024-10-23T11:00:00Z,91.608
2024-10-23T12:00:00Z,103.628
2024-10-23T13:00:00Z,122.507
2024-10-23T14:00:00Z,149.084
2024-10-23T15:00:00Z,179.493
2024-10-23T16:00:00Z,207.479
2024-10-23T17:00:00Z,208.734
2024-10-23T18:00:00Z,200.099
2024-10-23T19:00:00Z,188.004
2024-10-23T20:00:00Z,170.163
2024-10-23T21:00:00Z,142.441
2024-10-23T22:00:00Z,143.245
2024-10-23T23:00:00Z,118.147
2024-10-24T00:00:00Z,112.817
2024-10-24T01:00:00Z,113.575
2024-10-24T02:00:00Z,107.111
2024-10-24T03:00:00Z,108.842
2024-10-24T04:00:00Z,144.245
2024-10-24T05:00:00Z,167.805
2024-10-24T06:00:00Z,162.923
2024-10-24T07:00:00Z,150.244
2024-10-24T08:00:00Z,131.175
2024-10-24T09:00:00Z,115.325
2024-10-24T10:00:00Z,115.965
2024-10-24T11:00:00Z,103.527
2024-10-24T12:00:00Z,97.258
2024-10-24T13:00:00Z,101.29
2024-10-24T14:00:00Z,113.928
2024-10-24T15:00:00Z,137.234
2024-10-24T16:00:00Z,159.413
2024-10-24T17:00:00Z,162.236
2024-10-24T18:00:00Z,161.738
2024-10-24T19:00:00Z,153.093
2024-10-24T20:00:00Z,143.138
2024-10-24T21:00:00Z,129.544
2024-10-24T22:00:00Z,104.679
2024-10-24T23:00:00Z,107.507
2024-10-25T00:00:00Z,109.001
2024-10-25T01:00:00Z,114.779
2024-10-25T02:00:00Z,119.439
2024-10-25T03:00:00Z,124.388
2024-10-25T04:00:00Z,166.169
2024-10-25T05:00:00Z,173.096
2024-10-25T06:00:00Z,165.028
2024-10-25T07:00:00Z,144.891
2024-10-25T08:00:00Z,140.053
2024-10-25T09:00:00Z,126.104
2024-10-25T10:00:00Z,117.302
2024-10-25T11:00:00Z,104.758
2024-10-25T12:00:00Z,95.152
2024-10-25T13:00:00Z,105.59
2024-10-25T14:00:00Z,131.767
2024-10-25T15:00:00Z,154.499
2024-10-25T16:00:00Z,163.249
2024-10-25T17:00:00Z,166.466
2024-10-25T18:00:00Z,163.374
2024-10-25T19:00:00Z,162.368
2024-10-25T20:00:00Z,164.45
2024-10-25T21:00:00Z,143.238
2024-10-25T22:00:00Z,135.505
2024-10-25T23:00:00Z,143.178
2024-10-26T00:00:00Z,138.988
2024-10-26T01:00:00Z,136.945
2024-10-26T02:00:00Z,133.752
2024-10-26T03:00:00Z,137.721
2024-10-26T04:00:00Z,141.511
2024-10-26T05:00:00Z,139.031
2024-10-26T06:00:00Z,130.098
2024-10-26T07:00:00Z,107.424
2024-10-26T08:00:00Z,102.118
2024-10-26T09:00:00Z,94.94
2024-10-26T10:00:00Z,87.729
2024-10-26T11:00:00Z,79.278
2024-10-26T12:00:00Z,80.01
2024-10-26T13:00:00Z,77.394
2024-10-26T14:00:00Z,97.1
2024-10-26T15:00:00Z,135.861
2024-10-26T16:00:00Z,138.338
2024-10-26T17:00:00Z,141.638
2024-10-26T18:00:00Z,149.59
2024-10-26T19:00:00Z,167.129
2024-10-26T20:00:00Z,169.506
2024-10-26T21:00:00Z,159.57
2024-10-26T22:00:00Z,146.444
2024-10-26T23:00:00Z,123.966
2024-10-27T00:00:00Z,103.231
2024-10-27T01:00:00Z,92.983
2024-10-27T02:00:00Z,98.676
2024-10-27T03:00:00Z,102.35
2024-10-27T04:00:00Z,106.103
2024-10-27T05:00:00Z,106.104
2024-10-27T06:00:00Z,88.128
2024-10-27T07:00:00Z,97.256
2024-10-27T08:00:00Z,87.523
2024-10-27T09:00:00Z,83.083
2024-10-27T10:00:00Z,85.07
2024-10-27T11:00:00Z,89.016
2024-10-27T12:00:00Z,83.251
2024-10-27T13:00:00Z,68.709
2024-10-27T14:00:00Z,94.674
2024-10-27T15:00:00Z,97.251
2024-10-27T16:00:00Z,109.843
2024-10-27T17:00:00Z,134.719
2024-10-27T18:00:00Z,143.959
2024-10-27T19:00:00Z,152.704
2024-10-27T20:00:00Z,146.937
2024-10-27T21:00:00Z,162.919
2024-10-27T22:00:00Z,145.062
2024-10-27T23:00:00Z,145.178
2024-10-28T00:00:00Z,139.534
2024-10-28T01:00:00Z,130.196
2024-10-28T02:00:00Z,126.022
2024-10-28T03:00:00Z,115.729
2024-10-28T04:00:00Z,120.206
2024-10-28T05:00:00Z,130.745
2024-10-28T06:00:00Z,139.956
2024-10-28T07:00:00Z,138.552
2024-10-28T08:00:00Z,131.324
2024-10-28T09:00:00Z,115.074
2024-10-28T10:00:00Z,114.3
2024-10-28T11:00:00Z,120.009
2024-10-28T12:00:00Z,120.787
2024-10-28T13:00:00Z,122.06
2024-10-28T14:00:00Z,139.209
2024-10-28T15:00:00Z,136.681
2024-10-28T16:00:00Z,135.171
2024-10-28T17:00:00Z,147.57
2024-10-28T18:00:00Z,154.257
2024-10-28T19:00:00Z,157.526
2024-10-28T20:00:00Z,148.403
2024-10-28T21:00:00Z,142.981
2024-10-28T22:00:00Z,145.51
2024-10-28T23:00:00Z,147.733
2024-10-29T00:00:00Z,149.564
2024-10-29T01:00:00Z,142.817
2024-10-29T02:00:00Z,143.939
2024-10-29T03:00:00Z,143.66
2024-10-29T04:00:00Z,163.265
2024-10-29T05:00:00Z,188.935
2024-10-29T06:00:00Z,191.09
2024-10-29T07:00:00Z,178.722
2024-10-29T08:00:00Z,167.895
2024-10-29T09:00:00Z,170.47
2024-10-29T10:00:00Z,171.2
2024-10-29T11:00:00Z,179.967
2024-10-29T12:00:00Z,186.979
2024-10-29T13:00:00Z,193.508
2024-10-29T14:00:00Z,191.435
2024-10-29T15:00:00Z,193.782
2024-10-29T16:00:00Z,196.969
2024-10-29T17:00:00Z,210.442
2024-10-29T18:00:00Z,202.061
2024-10-29T19:00:00Z,200.84
2024-10-29T20:00:00Z,205.263
2024-10-29T21:00:00Z,215.876
2024-10-29T22:00:00Z,215.479
2024-10-29T23:00:00Z,216.619
2024-10-30T00:00:00Z,203.258
2024-10-30T01:00:00Z,210.298
2024-10-30T02:00:00Z,205.692
2024-10-30T03:00:00Z,211.62
2024-10-30T04:00:00Z,229.879
2024-10-30T05:00:00Z,220.233
2024-10-30T06:00:00Z,208.768
2024-10-30T07:00:00Z,200.822
2024-10-30T08:00:00Z,199.865
2024-10-30T09:00:00Z,210.387
2024-10-30T10:00:00Z,210.071
2024-10-30T11:00:00Z,214.333
2024-10-30T12:00:00Z,207.453
2024-10-30T13:00:00Z,199.236
2024-10-30T14:00:00Z,196.361
2024-10-30T15:00:00Z,201.036
2024-10-30T16:00:00Z,197.044
2024-10-30T17:00:00Z,201.529
2024-10-30T18:00:00Z,209.768
2024-10-30T19:00:00Z,217.477
2024-10-30T20:00:00Z,221.23
2024-10-30T21:00:00Z,231.442
2024-10-30T22:00:00Z,220.306
2024-10-30T23:00:00Z,202.867
2024-10-31T00:00:00Z,201.478
2024-10-31T01:00:00Z,210.237
2024-10-31T02:00:00Z,218.261
2024-10-31T03:00:00Z,208.053
2024-10-31T04:00:00Z,215.531
2024-10-31T05:00:00Z,219.022
2024-10-31T06:00:00Z,198.292
2024-10-31T07:00:00Z,197.94
2024-10-31T08:00:00Z,182.881
2024-10-31T09:00:00Z,153.858
2024-10-31T10:00:00Z,155.984
2024-10-31T11:00:00Z,159.321
2024-10-31T12:00:00Z,159.292
2024-10-31T13:00:00Z,161.993
2024-10-31T14:00:00Z,172.063
2024-10-31T15:00:00Z,193.152
2024-10-31T16:00:00Z,187.81
2024-10-31T17:00:00Z,212.543
2024-10-31T18:00:00Z,214.286
2024-10-31T19:00:00Z,224.108
2024-10-31T20:00:00Z,234.03
2024-10-31T21:00:00Z,250.171
2024-10-31T22:00:00Z,258.332
2024-10-31T23:00:00Z,242.079
2024-11-01T00:00:00Z,223.894
2024-11-01T01:00:00Z,205.654
2024-11-01T02:00:00Z,202.138
2024-11-01T03:00:00Z,183.848
2024-11-01T04:00:00Z,185.255
2024-11-01T05:00:00Z,178.706
2024-11-01T06:00:00Z,162.947
2024-11-01T07:00:00Z,156.388
2024-11-01T08:00:00Z,147.002
2024-11-01T09:00:00Z,146.572
2024-11-01T10:00:00Z,142.975
2024-11-01T11:00:00Z,136.48
2024-11-01T12:00:00Z,122.159
2024-11-01T13:00:00Z,111.461
2024-11-01T14:00:00Z,131.191
2024-11-01T15:00:00Z,152.279
2024-11-01T16:00:00Z,140.891
2024-11-01T17:00:00Z,152.513
2024-11-01T18:00:00Z,166.85
2024-11-01T19:00:00Z,184.875
2024-11-01T20:00:00Z,179.522
2024-11-01T21:00:00Z,193.24
2024-11-01T22:00:00Z,209.377
2024-11-01T23:00:00Z,220.583
2024-11-02T00:00:00Z,211.783
2024-11-02T01:00:00Z,195.571
2024-11-02T02:00:00Z,180.45
2024-11-02T03:00:00Z,171.638
2024-11-02T04:00:00Z,183.489
2024-11-02T05:00:00Z,194.184
2024-11-02T06:00:00Z,162.441
2024-11-02T07:00:00Z,147.771
2024-11-02T08:00:00Z,139.337
2024-11-02T09:00:00Z,135.31
2024-11-02T10:00:00Z,138.446
2024-11-02T11:00:00Z,149.952
2024-11-02T12:00:00Z,145.583
2024-11-02T13:00:00Z,145.446
2024-11-02T14:00:00Z,158.149
2024-11-02T15:00:00Z,174.063
2024-11-02T16:00:00Z,179.714
2024-11-02T17:00:00Z,180.738
2024-11-02T18:00:00Z,183.387
2024-11-02T19:00:00Z,202.676
2024-11-02T20:00:00Z,210.523
2024-11-02T21:00:00Z,218.689
2024-11-02T22:00:00Z,205.23
2024-11-02T23:00:00Z,159.545
2024-11-03T00:00:00Z,147.727
2024-11-03T01:00:00Z,137.34
2024-11-03T02:00:00Z,132.936
2024-11-03T03:00:00Z,138.615
2024-11-03T04:00:00Z,145.654
2024-11-03T05:00:00Z,162.578
2024-11-03T06:00:00Z,151.414
2024-11-03T07:00:00Z,141.102
2024-11-03T08:00:00Z,151.533
2024-11-03T09:00:00Z,146.034
2024-11-03T10:00:00Z,144.311
2024-11-03T11:00:00Z,144.05
2024-11-03T12:00:00Z,130.574
2024-11-03T13:00:00Z,132.225
2024-11-03T14:00:00Z,165.657
2024-11-03T15:00:00Z,192.836
2024-11-03T16:00:00Z,196.104
2024-11-03T17:00:00Z,203.195
2024-11-03T18:00:00Z,212.664
2024-11-03T19:00:00Z,235.357
2024-11-03T20:00:00Z,242.636
2024-11-03T21:00:00Z,231.116
2024-11-03T22:00:00Z,247.696
2024-11-03T23:00:00Z,226.598
2024-11-04T00:00:00Z,205.65
2024-11-04T01:00:00Z,189.094
2024-11-04T02:00:00Z,194.523
2024-11-04T03:00:00Z,204.863
2024-11-04T04:00:00Z,231.198
2024-11-04T05:00:00Z,223.441
2024-11-04T06:00:00Z,210.011
2024-11-04T07:00:00Z,212.482
2024-11-04T08:00:00Z,228.169
2024-11-04T09:00:00Z,238.135
2024-11-04T10:00:00Z,232.19
2024-11-04T11:00:00Z,214.47
2024-11-04T12:00:00Z,206.329
2024-11-04T13:00:00Z,212.662
2024-11-04T14:00:00Z,212.766
2024-11-04T15:00:00Z,231.599
2024-11-04T16:00:00Z,231.906
2024-11-04T17:00:00Z,238.906
2024-11-04T18:00:00Z,250.63
2024-11-04T19:00:00Z,263.994
2024-11-04T20:00:00Z,281.799
2024-11-04T21:00:00Z,282.734
2024-11-04T22:00:00Z,285.964
2024-11-04T23:00:00Z,257.617
2024-11-05T00:00:00Z,264.112
2024-11-05T01:00:00Z,273.592
2024-11-05T02:00:00Z,269.835
2024-11-05T03:00:00Z,267.275
2024-11-05T04:00:00Z,258.776
2024-11-05T05:00:00Z,230.434
2024-11-05T06:00:00Z,219.228
2024-11-05T07:00:00Z,226.25
2024-11-05T08:00:00Z,240.978
2024-11-05T09:00:00Z,253.894
2024-11-05T10:00:00Z,257.45
2024-11-05T11:00:00Z,261.076
2024-11-05T12:00:00Z,242.285
2024-11-05T13:00:00Z,224.769
2024-11-05T14:00:00Z,235.261
2024-11-05T15:00:00Z,242.364
2024-11-05T16:00:00Z,238.914
2024-11-05T17:00:00Z,252.444
2024-11-05T18:00:00Z,262.44
2024-11-05T19:00:00Z,270.218
2024-11-05T20:00:00Z,268.38
2024-11-05T21:00:00Z,280.359
2024-11-05T22:00:00Z,282.356
2024-11-05T23:00:00Z,274.081
2024-11-06T00:00:00Z,263.399
2024-11-06T01:00:00Z,264.424
2024-11-06T02:00:00Z,260.283
2024-11-06T03:00:00Z,247.472
2024-11-06T04:00:00Z,222.205
2024-11-06T05:00:00Z,212.929
2024-11-06T06:00:00Z,214.647
2024-11-06T07:00:00Z,207.327
2024-11-06T08:00:00Z,230.209
2024-11-06T09:00:00Z,229.886
2024-11-06T10:00:00Z,236.578
2024-11-06T11:00:00Z,234.863
2024-11-06T12:00:00Z,224.336
2024-11-06T13:00:00Z,224.182
2024-11-06T14:00:00Z,221.448
2024-11-06T15:00:00Z,214.467
2024-11-06T16:00:00Z,223.719
2024-11-06T17:00:00Z,243.503
2024-11-06T18:00:00Z,248.156
2024-11-06T19:00:00Z,236.405
2024-11-06T20:00:00Z,232.246
2024-11-06T21:00:00Z,244.194
2024-11-06T22:00:00Z,260.902
2024-11-06T23:00:00Z,268.777
2024-11-07T00:00:00Z,275.226
2024-11-07T01:00:00Z,278.314
2024-11-07T02:00:00Z,281.495
2024-11-07T03:00:00Z,275.023
2024-11-07T04:00:00Z,248.26
2024-11-07T05:00:00Z,219.458
2024-11-07T06:00:00Z,220.266
2024-11-07T07:00:00Z,214.52
2024-11-07T08:00:00Z,220.313
2024-11-07T09:00:00Z,229.481
2024-11-07T10:00:00Z,221.386
2024-11-07T11:00:00Z,220.826
2024-11-07T12:00:00Z,226.623
2024-11-07T13:00:00Z,223.316
2024-11-07T14:00:00Z,213.504
2024-11-07T15:00:00Z,214.281
2024-11-07T16:00:00Z,225.2
2024-11-07T17:00:00Z,229.669
2024-11-07T18:00:00Z,237.103
2024-11-07T19:00:00Z,252.784
2024-11-07T20:00:00Z,265.106
2024-11-07T21:00:00Z,283.046
2024-11-07T22:00:00Z,282.532
2024-11-07T23:00:00Z,282.777
2024-11-08T00:00:00Z,284.748
2024-11-08T01:00:00Z,279.303
2024-11-08T02:00:00Z,281.797
2024-11-08T03:00:00Z,281.535
2024-11-08T04:00:00Z,279.655
2024-11-08T05:00:00Z,259.665
2024-11-08T06:00:00Z,244.695
2024-11-08T07:00:00Z,237.083
2024-11-08T08:00:00Z,266.613
2024-11-08T09:00:00Z,282.362
2024-11-08T10:00:00Z,290.428
2024-11-08T11:00:00Z,295.262
2024-11-08T12:00:00Z,288.536
2024-11-08T13:00:00Z,276.3
2024-11-08T14:00:00Z,277.384
2024-11-08T15:00:00Z,278.541
2024-11-08T16:00:00Z,276.99
2024-11-08T17:00:00Z,305.164
2024-11-08T18:00:00Z,314.303
2024-11-08T19:00:00Z,314.371
2024-11-08T20:00:00Z,317.385
2024-11-08T21:00:00Z,317.211
2024-11-08T22:00:00Z,320.823
2024-11-08T23:00:00Z,317.972
2024-11-09T00:00:00Z,314.87
2024-11-09T01:00:00Z,307.777
2024-11-09T02:00:00Z,298.341
2024-11-09T03:00:00Z,284.466
2024-11-09T04:00:00Z,279.782
2024-11-09T05:00:00Z,277.974
2024-11-09T06:00:00Z,273.576
2024-11-09T07:00:00Z,259.246
2024-11-09T08:00:00Z,248.777
2024-11-09T09:00:00Z,237.902
2024-11-09T10:00:00Z,228.832
2024-11-09T11:00:00Z,225.437
2024-11-09T12:00:00Z,220.144
2024-11-09T13:00:00Z,217.951
2024-11-09T14:00:00Z,225.544
2024-11-09T15:00:00Z,236.167
2024-11-09T16:00:00Z,224.587
2024-11-09T17:00:00Z,234.574
2024-11-09T18:00:00Z,246.051
2024-11-09T19:00:00Z,267.931
2024-11-09T20:00:00Z,288.589
2024-11-09T21:00:00Z,291.524
2024-11-09T22:00:00Z,288.689
2024-11-09T23:00:00Z,247.887
2024-11-10T00:00:00Z,238.316
2024-11-10T01:00:00Z,234.738
2024-11-10T02:00:00Z,237.092
2024-11-10T03:00:00Z,239.221
2024-11-10T04:00:00Z,243.569
2024-11-10T05:00:00Z,245.968
2024-11-10T06:00:00Z,226.661
2024-11-10T07:00:00Z,213.487
2024-11-10T08:00:00Z,194.49
2024-11-10T09:00:00Z,182.967
2024-11-10T10:00:00Z,174.038
2024-11-10T11:00:00Z,183.798
2024-11-10T12:00:00Z,191.574
2024-11-10T13:00:00Z,180.685
2024-11-10T14:00:00Z,187.469
2024-11-10T15:00:00Z,206.265
2024-11-10T16:00:00Z,216.148
2024-11-10T17:00:00Z,225.951
2024-11-10T18:00:00Z,231.645
2024-11-10T19:00:00Z,264.67
2024-11-10T20:00:00Z,268.866
2024-11-10T21:00:00Z,280.551
2024-11-10T22:00:00Z,280.637
2024-11-10T23:00:00Z,244.703
2024-11-11T00:00:00Z,238.387
2024-11-11T01:00:00Z,239.234
2024-11-11T02:00:00Z,243.132
2024-11-11T03:00:00Z,228.41
2024-11-11T04:00:00Z,200.869
2024-11-11T05:00:00Z,202.256
2024-11-11T06:00:00Z,195.841
2024-11-11T07:00:00Z,196.608
2024-11-11T08:00:00Z,178.498
2024-11-11T09:00:00Z,167.76
2024-11-11T10:00:00Z,160.838
2024-11-11T11:00:00Z,154.075
2024-11-11T12:00:00Z,142.809
2024-11-11T13:00:00Z,144.479
2024-11-11T14:00:00Z,168.065
2024-11-11T15:00:00Z,192.323
2024-11-11T16:00:00Z,188.643
2024-11-11T17:00:00Z,191.538
2024-11-11T18:00:00Z,192.303
2024-11-11T19:00:00Z,190.975
2024-11-11T20:00:00Z,178.83
2024-11-11T21:00:00Z,176.29
2024-11-11T22:00:00Z,169.949
2024-11-11T23:00:00Z,163.98
2024-11-12T00:00:00Z,163.151
2024-11-12T01:00:00Z,149.989
2024-11-12T02:00:00Z,147.018
2024-11-12T03:00:00Z,141.969
2024-11-12T04:00:00Z,157.147
2024-11-12T05:00:00Z,169.404
2024-11-12T06:00:00Z,182.451
2024-11-12T07:00:00Z,185.635
2024-11-12T08:00:00Z,177.74
2024-11-12T09:00:00Z,174.7
2024-11-12T10:00:00Z,168.298
2024-11-12T11:00:00Z,172.793
2024-11-12T12:00:00Z,183.951
2024-11-12T13:00:00Z,183.37
2024-11-12T14:00:00Z,185.799
2024-11-12T15:00:00Z,182.757
2024-11-12T16:00:00Z,183.975
2024-11-12T17:00:00Z,199.62
2024-11-12T18:00:00Z,204.693
2024-11-12T19:00:00Z,201.311
2024-11-12T20:00:00Z,201.162
2024-11-12T21:00:00Z,223.118
2024-11-12T22:00:00Z,236.189
2024-11-12T23:00:00Z,248.079
2024-11-13T00:00:00Z,263.399
2024-11-13T01:00:00Z,278.585
2024-11-13T02:00:00Z,281.577
2024-11-13T03:00:00Z,276.631
2024-11-13T04:00:00Z,266.078
2024-11-13T05:00:00Z,234.136
2024-11-13T06:00:00Z,221.965
2024-11-13T07:00:00Z,217.762
2024-11-13T08:00:00Z,219.785
2024-11-13T09:00:00Z,201.948
2024-11-13T10:00:00Z,175.752
2024-11-13T11:00:00Z,177.291
2024-11-13T12:00:00Z,196.004
2024-11-13T13:00:00Z,207.536
2024-11-13T14:00:00Z,225.931
2024-11-13T15:00:00Z,235.447
2024-11-13T16:00:00Z,235.36
2024-11-13T17:00:00Z,253.14
2024-11-13T18:00:00Z,267.408
2024-11-13T19:00:00Z,266.768
2024-11-13T20:00:00Z,278.665
2024-11-13T21:00:00Z,278.819
2024-11-13T22:00:00Z,284.424
2024-11-13T23:00:00Z,278.921
2024-11-14T00:00:00Z,277.909
2024-11-14T01:00:00Z,274.08
2024-11-14T02:00:00Z,266.774
2024-11-14T03:00:00Z,258.621
2024-11-14T04:00:00Z,248.583
2024-11-14T05:00:00Z,247.237
2024-11-14T06:00:00Z,262.434
2024-11-14T07:00:00Z,263.585
2024-11-14T08:00:00Z,256.459
2024-11-14T09:00:00Z,240.062
2024-11-14T10:00:00Z,245.713
2024-11-14T11:00:00Z,249.571
2024-11-14T12:00:00Z,231.202
2024-11-14T13:00:00Z,222.244
2024-11-14T14:00:00Z,236.155
2024-11-14T15:00:00Z,243.746
2024-11-14T16:00:00Z,250.105
2024-11-14T17:00:00Z,271.714
2024-11-14T18:00:00Z,288.807
2024-11-14T19:00:00Z,300.369
2024-11-14T20:00:00Z,310.155
2024-11-14T21:00:00Z,316.757
2024-11-14T22:00:00Z,312.693
2024-11-14T23:00:00Z,312.641
2024-11-15T00:00:00Z,312.471
2024-11-15T01:00:00Z,312.193
2024-11-15T02:00:00Z,301.409
2024-11-15T03:00:00Z,299.415
2024-11-15T04:00:00Z,293.052
2024-11-15T05:00:00Z,251.001
2024-11-15T06:00:00Z,242.82
2024-11-15T07:00:00Z,227.552
2024-11-15T08:00:00Z,220.759
2024-11-15T09:00:00Z,204.392
2024-11-15T10:00:00Z,198.683
2024-11-15T11:00:00Z,192.481
2024-11-15T12:00:00Z,185.415
2024-11-15T13:00:00Z,192.19
2024-11-15T14:00:00Z,193.153
2024-11-15T15:00:00Z,211.968
2024-11-15T16:00:00Z,232.153
2024-11-15T17:00:00Z,262.215
2024-11-15T18:00:00Z,296.853
2024-11-15T19:00:00Z,286.35
2024-11-15T20:00:00Z,265.235
2024-11-15T21:00:00Z,245.547
2024-11-15T22:00:00Z,239.144
2024-11-15T23:00:00Z,196.817
2024-11-16T00:00:00Z,195.599
2024-11-16T01:00:00Z,196.96
2024-11-16T02:00:00Z,210.399
2024-11-16T03:00:00Z,197.17
2024-11-16T04:00:00Z,191.6
2024-11-16T05:00:00Z,189.564
2024-11-16T06:00:00Z,194.556
2024-11-16T07:00:00Z,199.784
2024-11-16T08:00:00Z,202.135
2024-11-16T09:00:00Z,180.547
2024-11-16T10:00:00Z,172.998
2024-11-16T11:00:00Z,178.551
2024-11-16T12:00:00Z,160.708
2024-11-16T13:00:00Z,159.124
2024-11-16T14:00:00Z,160.91
2024-11-16T15:00:00Z,157.802
2024-11-16T16:00:00Z,181.147
2024-11-16T17:00:00Z,196.412
2024-11-16T18:00:00Z,192.53
2024-11-16T19:00:00Z,184.722
2024-11-16T20:00:00Z,180.055
2024-11-16T21:00:00Z,170.665
2024-11-16T22:00:00Z,176.965
2024-11-16T23:00:00Z,158.864
2024-11-17T00:00:00Z,138.783
2024-11-17T01:00:00Z,126.977
2024-11-17T02:00:00Z,120.425
2024-11-17T03:00:00Z,116.439
2024-11-17T04:00:00Z,120.302
2024-11-17T05:00:00Z,128.887
2024-11-17T06:00:00Z,134.91
2024-11-17T07:00:00Z,141.4
2024-11-17T08:00:00Z,139.671
2024-11-17T09:00:00Z,133.232
2024-11-17T10:00:00Z,127.154
2024-11-17T11:00:00Z,122.161
2024-11-17T12:00:00Z,115.961
2024-11-17T13:00:00Z,118.229
2024-11-17T14:00:00Z,129.571
2024-11-17T15:00:00Z,156.725
2024-11-17T16:00:00Z,170.716
2024-11-17T17:00:00Z,183.724
2024-11-17T18:00:00Z,187.076
2024-11-17T19:00:00Z,159.956
2024-11-17T20:00:00Z,156.68
2024-11-17T21:00:00Z,167.085
2024-11-17T22:00:00Z,181.846
2024-11-17T23:00:00Z,151.438
2024-11-18T00:00:00Z,141.217
2024-11-18T01:00:00Z,150.254
2024-11-18T02:00:00Z,142.088
2024-11-18T03:00:00Z,147.483
2024-11-18T04:00:00Z,160.724
2024-11-18T05:00:00Z,170.596
2024-11-18T06:00:00Z,182.339
2024-11-18T07:00:00Z,187.301
2024-11-18T08:00:00Z,208.298
2024-11-18T09:00:00Z,205.862
2024-11-18T10:00:00Z,208.014
2024-11-18T11:00:00Z,227.347
2024-11-18T12:00:00Z,222.304
2024-11-18T13:00:00Z,220.961
2024-11-18T14:00:00Z,210.16
2024-11-18T15:00:00Z,216.588
2024-11-18T16:00:00Z,218.589
2024-11-18T17:00:00Z,247.46
2024-11-18T18:00:00Z,254.22
2024-11-18T19:00:00Z,234.26
2024-11-18T20:00:00Z,218.265
2024-11-18T21:00:00Z,214.053
2024-11-18T22:00:00Z,179.047
2024-11-18T23:00:00Z,136.666
2024-11-19T00:00:00Z,107.465
2024-11-19T01:00:00Z,95.762
2024-11-19T02:00:00Z,72.321
2024-11-19T03:00:00Z,70.811
2024-11-19T04:00:00Z,77.122
2024-11-19T05:00:00Z,109.078
2024-11-19T06:00:00Z,144.578
2024-11-19T07:00:00Z,169.102
2024-11-19T08:00:00Z,167.804
2024-11-19T09:00:00Z,169.319
2024-11-19T10:00:00Z,154.106
2024-11-19T11:00:00Z,156.98
2024-11-19T12:00:00Z,165.897
2024-11-19T13:00:00Z,171.961
2024-11-19T14:00:00Z,174.073
2024-11-19T15:00:00Z,191.745
2024-11-19T16:00:00Z,194.251
2024-11-19T17:00:00Z,213.165
2024-11-19T18:00:00Z,239.256
2024-11-19T19:00:00Z,219.181
2024-11-19T20:00:00Z,188.404
2024-11-19T21:00:00Z,201.763
2024-11-19T22:00:00Z,184.984
2024-11-19T23:00:00Z,147.857
2024-11-20T00:00:00Z,141.215
2024-11-20T01:00:00Z,123.18
2024-11-20T02:00:00Z,106.513
2024-11-20T03:00:00Z,113.331
2024-11-20T04:00:00Z,140.181
2024-11-20T05:00:00Z,155.241
2024-11-20T06:00:00Z,164.162
2024-11-20T07:00:00Z,156.82
2024-11-20T08:00:00Z,147.485
2024-11-20T09:00:00Z,142.141
2024-11-20T10:00:00Z,134.766
2024-11-20T11:00:00Z,133.766
2024-11-20T12:00:00Z,128.937
2024-11-20T13:00:00Z,136.7
2024-11-20T14:00:00Z,157.945
2024-11-20T15:00:00Z,171.801
2024-11-20T16:00:00Z,177.786
2024-11-20T17:00:00Z,183.468
2024-11-20T18:00:00Z,182.456
2024-11-20T19:00:00Z,180.225
2024-11-20T20:00:00Z,188.511
2024-11-20T21:00:00Z,184.773
2024-11-20T22:00:00Z,178.404
2024-11-20T23:00:00Z,170.284
2024-11-21T00:00:00Z,182.673
2024-11-21T01:00:00Z,191.672
2024-11-21T02:00:00Z,192.086
2024-11-21T03:00:00Z,188.438
2024-11-21T04:00:00Z,196.146
2024-11-21T05:00:00Z,216.433
2024-11-21T06:00:00Z,237.977
2024-11-21T07:00:00Z,245.841
2024-11-21T08:00:00Z,252.079
2024-11-21T09:00:00Z,262.615
2024-11-21T10:00:00Z,264.506
2024-11-21T11:00:00Z,269.32
2024-11-21T12:00:00Z,264.435
2024-11-21T13:00:00Z,262.04
2024-11-21T14:00:00Z,247.552
2024-11-21T15:00:00Z,225.951
2024-11-21T16:00:00Z,227.165
2024-11-21T17:00:00Z,229.962
2024-11-21T18:00:00Z,240.304
2024-11-21T19:00:00Z,236.425
2024-11-21T20:00:00Z,229.408
2024-11-21T21:00:00Z,217.962
2024-11-21T22:00:00Z,191.636
2024-11-21T23:00:00Z,159.062
2024-11-22T00:00:00Z,152.764
2024-11-22T01:00:00Z,152.474
2024-11-22T02:00:00Z,138.408
2024-11-22T03:00:00Z,134.294
2024-11-22T04:00:00Z,139.675
2024-11-22T05:00:00Z,150.563
2024-11-22T06:00:00Z,154.291
2024-11-22T07:00:00Z,158.741
2024-11-22T08:00:00Z,154.383
2024-11-22T09:00:00Z,157.155
2024-11-22T10:00:00Z,147.889
2024-11-22T11:00:00Z,123.983
2024-11-22T12:00:00Z,118.341
2024-11-22T13:00:00Z,117.264
2024-11-22T14:00:00Z,119.898
2024-11-22T15:00:00Z,146.905
2024-11-22T16:00:00Z,179.641
2024-11-22T17:00:00Z,198.046
2024-11-22T18:00:00Z,207.944
2024-11-22T19:00:00Z,218.986
2024-11-22T20:00:00Z,211.585
2024-11-22T21:00:00Z,222.578
2024-11-22T22:00:00Z,216.81
2024-11-22T23:00:00Z,201.308
2024-11-23T00:00:00Z,190.899
2024-11-23T01:00:00Z,178.704
2024-11-23T02:00:00Z,155.843
2024-11-23T03:00:00Z,132.376
2024-11-23T04:00:00Z,112.209
2024-11-23T05:00:00Z,110.721
2024-11-23T06:00:00Z,102.344
2024-11-23T07:00:00Z,94.081
2024-11-23T08:00:00Z,84.486
2024-11-23T09:00:00Z,82.171
2024-11-23T10:00:00Z,78.136
2024-11-23T11:00:00Z,71.922
2024-11-23T12:00:00Z,67.805
2024-11-23T13:00:00Z,72.134
2024-11-23T14:00:00Z,70.805
2024-11-23T15:00:00Z,71.815
2024-11-23T16:00:00Z,79.57
2024-11-23T17:00:00Z,87.935
2024-11-23T18:00:00Z,89.887
2024-11-23T19:00:00Z,83.928
2024-11-23T20:00:00Z,82.16
2024-11-23T21:00:00Z,80.747
2024-11-23T22:00:00Z,84.112
2024-11-23T23:00:00Z,82.974
2024-11-24T00:00:00Z,79.196
2024-11-24T01:00:00Z,71.867
2024-11-24T02:00:00Z,72.519
2024-11-24T03:00:00Z,69.209
2024-11-24T04:00:00Z,71.352
2024-11-24T05:00:00Z,70.333
2024-11-24T06:00:00Z,74.061
2024-11-24T07:00:00Z,77.516
2024-11-24T08:00:00Z,72.176
2024-11-24T09:00:00Z,66.694
2024-11-24T10:00:00Z,62.879
2024-11-24T11:00:00Z,58.566
2024-11-24T12:00:00Z,62.312
2024-11-24T13:00:00Z,66.33
2024-11-24T14:00:00Z,71.062
2024-11-24T15:00:00Z,71.528
2024-11-24T16:00:00Z,76.94
2024-11-24T17:00:00Z,81.938
2024-11-24T18:00:00Z,82.856
2024-11-24T19:00:00Z,80.207
2024-11-24T20:00:00Z,74.382
2024-11-24T21:00:00Z,79.966
2024-11-24T22:00:00Z,83.98
2024-11-24T23:00:00Z,73.845
2024-11-25T00:00:00Z,69.77
2024-11-25T01:00:00Z,69.398
2024-11-25T02:00:00Z,68.625
2024-11-25T03:00:00Z,69.84
2024-11-25T04:00:00Z,75.074
2024-11-25T05:00:00Z,83.266
2024-11-25T06:00:00Z,90.964
2024-11-25T07:00:00Z,95.441
2024-11-25T08:00:00Z,109.148
2024-11-25T09:00:00Z,112.294
2024-11-25T10:00:00Z,110.666
2024-11-25T11:00:00Z,121.568
2024-11-25T12:00:00Z,121.605
2024-11-25T13:00:00Z,124.998
2024-11-25T14:00:00Z,123.267
2024-11-25T15:00:00Z,122.561
2024-11-25T16:00:00Z,146.685
2024-11-25T17:00:00Z,160.211
2024-11-25T18:00:00Z,159.2
2024-11-25T19:00:00Z,146.67
2024-11-25T20:00:00Z,135.757
2024-11-25T21:00:00Z,145.413
2024-11-25T22:00:00Z,145.242
2024-11-25T23:00:00Z,146.534
2024-11-26T00:00:00Z,140.454
2024-11-26T01:00:00Z,140.143
2024-11-26T02:00:00Z,128.659
2024-11-26T03:00:00Z,127.45
2024-11-26T04:00:00Z,139.774
2024-11-26T05:00:00Z,174.916
2024-11-26T06:00:00Z,176.857
2024-11-26T07:00:00Z,184.58
2024-11-26T08:00:00Z,174.628
2024-11-26T09:00:00Z,165.607
2024-11-26T10:00:00Z,168.325
2024-11-26T11:00:00Z,168.905
2024-11-26T12:00:00Z,169.978
2024-11-26T13:00:00Z,184.167
2024-11-26T14:00:00Z,209.351
2024-11-26T15:00:00Z,221.221
2024-11-26T16:00:00Z,229.076
2024-11-26T17:00:00Z,247.141
2024-11-26T18:00:00Z,259.283
2024-11-26T19:00:00Z,243.424
2024-11-26T20:00:00Z,236.863
2024-11-26T21:00:00Z,238.714
2024-11-26T22:00:00Z,235.856
2024-11-26T23:00:00Z,194.776
2024-11-27T00:00:00Z,171.64
2024-11-27T01:00:00Z,159.447
2024-11-27T02:00:00Z,139.93
2024-11-27T03:00:00Z,129.849
2024-11-27T04:00:00Z,147.771
2024-11-27T05:00:00Z,146.759
2024-11-27T06:00:00Z,139.934
2024-11-27T07:00:00Z,134.458
2024-11-27T08:00:00Z,124.603
2024-11-27T09:00:00Z,121.624
2024-11-27T10:00:00Z,120.27
2024-11-27T11:00:00Z,113.166
2024-11-27T12:00:00Z,98.136
2024-11-27T13:00:00Z,94.601
2024-11-27T14:00:00Z,105.205
2024-11-27T15:00:00Z,117.198
2024-11-27T16:00:00Z,125.482
2024-11-27T17:00:00Z,152.075
2024-11-27T18:00:00Z,156.378
2024-11-27T19:00:00Z,154.196
2024-11-27T20:00:00Z,145.43
2024-11-27T21:00:00Z,140.412
2024-11-27T22:00:00Z,144.897
2024-11-27T23:00:00Z,139.641
2024-11-28T00:00:00Z,140.48
2024-11-28T01:00:00Z,141.368
2024-11-28T02:00:00Z,146.014
2024-11-28T03:00:00Z,151.199
2024-11-28T04:00:00Z,171.948
2024-11-28T05:00:00Z,198.016
2024-11-28T06:00:00Z,214.757
2024-11-28T07:00:00Z,238.01
2024-11-28T08:00:00Z,225.008
2024-11-28T09:00:00Z,202.519
2024-11-28T10:00:00Z,186.258
2024-11-28T11:00:00Z,183.71
2024-11-28T12:00:00Z,198.084
2024-11-28T13:00:00Z,218.629
2024-11-28T14:00:00Z,220.359
2024-11-28T15:00:00Z,234.845
2024-11-28T16:00:00Z,256.794
2024-11-28T17:00:00Z,255.457
2024-11-28T18:00:00Z,270.208
2024-11-28T19:00:00Z,249.882
2024-11-28T20:00:00Z,245.584
2024-11-28T21:00:00Z,253.939
2024-11-28T22:00:00Z,268.196
2024-11-28T23:00:00Z,264.665
2024-11-29T00:00:00Z,252.961
2024-11-29T01:00:00Z,238.083
2024-11-29T02:00:00Z,224.734
2024-11-29T03:00:00Z,216.188
2024-11-29T04:00:00Z,223.46
2024-11-29T05:00:00Z,200.14
2024-11-29T06:00:00Z,181.563
2024-11-29T07:00:00Z,162.402
2024-11-29T08:00:00Z,167.122
2024-11-29T09:00:00Z,168.42
2024-11-29T10:00:00Z,168.712
2024-11-29T11:00:00Z,162.023
2024-11-29T12:00:00Z,177.146
2024-11-29T13:00:00Z,184.966
2024-11-29T14:00:00Z,192.723
2024-11-29T15:00:00Z,198.726
2024-11-29T16:00:00Z,204.466
2024-11-29T17:00:00Z,224.32
2024-11-29T18:00:00Z,222.571
2024-11-29T19:00:00Z,204.881
2024-11-29T20:00:00Z,191.452
2024-11-29T21:00:00Z,177.929
2024-11-29T22:00:00Z,173.297
2024-11-29T23:00:00Z,169.245
2024-11-30T00:00:00Z,170.959
2024-11-30T01:00:00Z,182.727
2024-11-30T02:00:00Z,181.147
2024-11-30T03:00:00Z,185.016
2024-11-30T04:00:00Z,193.714
2024-11-30T05:00:00Z,206.83
2024-11-30T06:00:00Z,220.302
2024-11-30T07:00:00Z,214.465
2024-11-30T08:00:00Z,200.275
2024-11-30T09:00:00Z,176.543
2024-11-30T10:00:00Z,175.966
2024-11-30T11:00:00Z,170.719
2024-11-30T12:00:00Z,163.069
2024-11-30T13:00:00Z,166.582
2024-11-30T14:00:00Z,181.988
2024-11-30T15:00:00Z,217.263
2024-11-30T16:00:00Z,228.13
2024-11-30T17:00:00Z,242.482
2024-11-30T18:00:00Z,248.104
2024-11-30T19:00:00Z,254.151
2024-11-30T20:00:00Z,240.547
2024-11-30T21:00:00Z,238.858
2024-11-30T22:00:00Z,228.961
2024-11-30T23:00:00Z,201.012
2024-12-01T00:00:00Z,181.192
2024-12-01T01:00:00Z,162.139
2024-12-01T02:00:00Z,145.29
2024-12-01T03:00:00Z,130.721
2024-12-01T04:00:00Z,128.407
2024-12-01T05:00:00Z,140.29
2024-12-01T06:00:00Z,146.476
2024-12-01T07:00:00Z,171.993
2024-12-01T08:00:00Z,151.016
2024-12-01T09:00:00Z,147.204
2024-12-01T10:00:00Z,140.475
2024-12-01T11:00:00Z,139.016
2024-12-01T12:00:00Z,144.85
2024-12-01T13:00:00Z,138.816
2024-12-01T14:00:00Z,137.072
2024-12-01T15:00:00Z,137.246
2024-12-01T16:00:00Z,138.858
2024-12-01T17:00:00Z,156.575
2024-12-01T18:00:00Z,159.024
2024-12-01T19:00:00Z,159.092
2024-12-01T20:00:00Z,157.246
2024-12-01T21:00:00Z,166.221
2024-12-01T22:00:00Z,159.218
2024-12-01T23:00:00Z,145.299
2024-12-02T00:00:00Z,128.395
2024-12-02T01:00:00Z,117.563
2024-12-02T02:00:00Z,113.2
2024-12-02T03:00:00Z,106.39
2024-12-02T04:00:00Z,106.369
2024-12-02T05:00:00Z,145.992
2024-12-02T06:00:00Z,161.509
2024-12-02T07:00:00Z,177.052
2024-12-02T08:00:00Z,197.194
2024-12-02T09:00:00Z,187.588
2024-12-02T10:00:00Z,167.603
2024-12-02T11:00:00Z,161.937
2024-12-02T12:00:00Z,159.018
2024-12-02T13:00:00Z,161.169
2024-12-02T14:00:00Z,160.635
2024-12-02T15:00:00Z,168.636
2024-12-02T16:00:00Z,163.016
2024-12-02T17:00:00Z,165.383
2024-12-02T18:00:00Z,186.8
2024-12-02T19:00:00Z,198.114
2024-12-02T20:00:00Z,199.518
2024-12-02T21:00:00Z,193.245
2024-12-02T22:00:00Z,185.408
2024-12-02T23:00:00Z,203.025
2024-12-03T00:00:00Z,202.71
2024-12-03T01:00:00Z,201.904
2024-12-03T02:00:00Z,198.318
2024-12-03T03:00:00Z,218.676
2024-12-03T04:00:00Z,228.102
2024-12-03T05:00:00Z,242.653
2024-12-03T06:00:00Z,254.758
2024-12-03T07:00:00Z,256.833
2024-12-03T08:00:00Z,257.486
2024-12-03T09:00:00Z,252.955
2024-12-03T10:00:00Z,254.407
2024-12-03T11:00:00Z,249.55
2024-12-03T12:00:00Z,246.412
2024-12-03T13:00:00Z,240.088
2024-12-03T14:00:00Z,239.721
2024-12-03T15:00:00Z,249.027
2024-12-03T16:00:00Z,255.919
2024-12-03T17:00:00Z,266.94
2024-12-03T18:00:00Z,279.158
2024-12-03T19:00:00Z,285.755
2024-12-03T20:00:00Z,295.442
2024-12-03T21:00:00Z,289.202
2024-12-03T22:00:00Z,289.118
2024-12-03T23:00:00Z,306
2024-12-04T00:00:00Z,300.949
2024-12-04T01:00:00Z,296.893
2024-12-04T02:00:00Z,284.28
2024-12-04T03:00:00Z,279.522
2024-12-04T04:00:00Z,276.366
2024-12-04T05:00:00Z,252.325
2024-12-04T06:00:00Z,249.762
2024-12-04T07:00:00Z,241.876
2024-12-04T08:00:00Z,243.276
2024-12-04T09:00:00Z,230.129
2024-12-04T10:00:00Z,237.523
2024-12-04T11:00:00Z,229.154
2024-12-04T12:00:00Z,218.639
2024-12-04T13:00:00Z,228.523
2024-12-04T14:00:00Z,228.309
2024-12-04T15:00:00Z,224.554
2024-12-04T16:00:00Z,246.215
2024-12-04T17:00:00Z,257.132
2024-12-04T18:00:00Z,247.873
2024-12-04T19:00:00Z,229.868
2024-12-04T20:00:00Z,219.184
2024-12-04T21:00:00Z,213.568
2024-12-04T22:00:00Z,208.884
2024-12-04T23:00:00Z,166.907
2024-12-05T00:00:00Z,149.418
2024-12-05T01:00:00Z,122.699
2024-12-05T02:00:00Z,125.433
2024-12-05T03:00:00Z,110.233
2024-12-05T04:00:00Z,99.848
2024-12-05T05:00:00Z,116.585
2024-12-05T06:00:00Z,114.5
2024-12-05T07:00:00Z,116.346
2024-12-05T08:00:00Z,119.408
2024-12-05T09:00:00Z,121.546
2024-12-05T10:00:00Z,132.792
2024-12-05T11:00:00Z,131.125
2024-12-05T12:00:00Z,130.81
2024-12-05T13:00:00Z,128.536
2024-12-05T14:00:00Z,131.52
2024-12-05T15:00:00Z,139.485
2024-12-05T16:00:00Z,135.906
2024-12-05T17:00:00Z,139.281
2024-12-05T18:00:00Z,138.196
2024-12-05T19:00:00Z,124.445
2024-12-05T20:00:00Z,112.08
2024-12-05T21:00:00Z,101.233
2024-12-05T22:00:00Z,83.42
2024-12-05T23:00:00Z,85.233
2024-12-06T00:00:00Z,83.06
2024-12-06T01:00:00Z,82.252
2024-12-06T02:00:00Z,77.931
2024-12-06T03:00:00Z,78.835
2024-12-06T04:00:00Z,79.22
2024-12-06T05:00:00Z,87.81
2024-12-06T06:00:00Z,101.304
2024-12-06T07:00:00Z,118.008
2024-12-06T08:00:00Z,117.92
2024-12-06T09:00:00Z,99.926
2024-12-06T10:00:00Z,96.983
2024-12-06T11:00:00Z,104.169
2024-12-06T12:00:00Z,112.824
2024-12-06T13:00:00Z,141.963
2024-12-06T14:00:00Z,179.537
2024-12-06T15:00:00Z,205.572
2024-12-06T16:00:00Z,209.7
2024-12-06T17:00:00Z,198.785
2024-12-06T18:00:00Z,188.502
2024-12-06T19:00:00Z,177.338
2024-12-06T20:00:00Z,168.518
2024-12-06T21:00:00Z,152.891
2024-12-06T22:00:00Z,110.472
2024-12-06T23:00:00Z,76.065
2024-12-07T00:00:00Z,76.751
2024-12-07T01:00:00Z,69.734
2024-12-07T02:00:00Z,73.748
2024-12-07T03:00:00Z,75.185
2024-12-07T04:00:00Z,73.4
2024-12-07T05:00:00Z,78.005
2024-12-07T06:00:00Z,78.383
2024-12-07T07:00:00Z,74.115
2024-12-07T08:00:00Z,75.791
2024-12-07T09:00:00Z,67.006
2024-12-07T10:00:00Z,66.831
2024-12-07T11:00:00Z,69.46
2024-12-07T12:00:00Z,66.166
2024-12-07T13:00:00Z,67.481
2024-12-07T14:00:00Z,71.311
2024-12-07T15:00:00Z,75.693
2024-12-07T16:00:00Z,83.224
2024-12-07T17:00:00Z,93.979
2024-12-07T18:00:00Z,90.677
2024-12-07T19:00:00Z,84.511
2024-12-07T20:00:00Z,83.849
2024-12-07T21:00:00Z,78.011
2024-12-07T22:00:00Z,65.487
2024-12-07T23:00:00Z,63.975
2024-12-08T00:00:00Z,63.046
2024-12-08T01:00:00Z,62.658
2024-12-08T02:00:00Z,59.519
2024-12-08T03:00:00Z,58.453
2024-12-08T04:00:00Z,54.182
2024-12-08T05:00:00Z,52.954
2024-12-08T06:00:00Z,53.316
2024-12-08T07:00:00Z,55.877
2024-12-08T08:00:00Z,71.747
2024-12-08T09:00:00Z,89.118
2024-12-08T10:00:00Z,94.413
2024-12-08T11:00:00Z,110.239
2024-12-08T12:00:00Z,111.618
2024-12-08T13:00:00Z,107.675
2024-12-08T14:00:00Z,109.435
2024-12-08T15:00:00Z,108.486
2024-12-08T16:00:00Z,114.258
2024-12-08T17:00:00Z,120.726
2024-12-08T18:00:00Z,125.953
2024-12-08T19:00:00Z,125.49
2024-12-08T20:00:00Z,111.389
2024-12-08T21:00:00Z,102.4
2024-12-08T22:00:00Z,99.468
2024-12-08T23:00:00Z,91.692
2024-12-09T00:00:00Z,85.544
2024-12-09T01:00:00Z,82.786
2024-12-09T02:00:00Z,84.818
2024-12-09T03:00:00Z,85.665
2024-12-09T04:00:00Z,85.605
2024-12-09T05:00:00Z,102.724
2024-12-09T06:00:00Z,118.247
2024-12-09T07:00:00Z,144.351
2024-12-09T08:00:00Z,152.39
2024-12-09T09:00:00Z,153.273
2024-12-09T10:00:00Z,158.697
2024-12-09T11:00:00Z,161.113
2024-12-09T12:00:00Z,164.318
2024-12-09T13:00:00Z,165.642
2024-12-09T14:00:00Z,161.166
2024-12-09T15:00:00Z,152.751
2024-12-09T16:00:00Z,158.292
2024-12-09T17:00:00Z,167.504
2024-12-09T18:00:00Z,170.333
2024-12-09T19:00:00Z,173.852
2024-12-09T20:00:00Z,160.296
2024-12-09T21:00:00Z,158.351
2024-12-09T22:00:00Z,160.105
2024-12-09T23:00:00Z,157.01
2024-12-10T00:00:00Z,153.844
2024-12-10T01:00:00Z,143.321
2024-12-10T02:00:00Z,135.777
2024-12-10T03:00:00Z,134.589
2024-12-10T04:00:00Z,139.473
2024-12-10T05:00:00Z,162.486
2024-12-10T06:00:00Z,166.425
2024-12-10T07:00:00Z,188.314
2024-12-10T08:00:00Z,193.542
2024-12-10T09:00:00Z,198.437
2024-12-10T10:00:00Z,202.378
2024-12-10T11:00:00Z,199.356
2024-12-10T12:00:00Z,196.979
2024-12-10T13:00:00Z,192.933
2024-12-10T14:00:00Z,193.68
2024-12-10T15:00:00Z,180.945
2024-12-10T16:00:00Z,189.406
2024-12-10T17:00:00Z,202.441
2024-12-10T18:00:00Z,211.216
2024-12-10T19:00:00Z,211.126
2024-12-10T20:00:00Z,209.212
2024-12-10T21:00:00Z,214.658
2024-12-10T22:00:00Z,217.603
2024-12-10T23:00:00Z,217.658
2024-12-11T00:00:00Z,213.418
2024-12-11T01:00:00Z,213.254
2024-12-11T02:00:00Z,213.284
2024-12-11T03:00:00Z,207.319
2024-12-11T04:00:00Z,201.821
2024-12-11T05:00:00Z,175.336
2024-12-11T06:00:00Z,187.637
2024-12-11T07:00:00Z,202.742
2024-12-11T08:00:00Z,201.058
2024-12-11T09:00:00Z,202.327
2024-12-11T10:00:00Z,214.8
2024-12-11T11:00:00Z,214.017
2024-12-11T12:00:00Z,213.295
2024-12-11T13:00:00Z,212.752
2024-12-11T14:00:00Z,205.094
2024-12-11T15:00:00Z,199.316
2024-12-11T16:00:00Z,211.648
2024-12-11T17:00:00Z,221.331
2024-12-11T18:00:00Z,224.131
2024-12-11T19:00:00Z,228.128
2024-12-11T20:00:00Z,251.166
2024-12-11T21:00:00Z,264.958
2024-12-11T22:00:00Z,266.241
2024-12-11T23:00:00Z,249.912
2024-12-12T00:00:00Z,251.808
2024-12-12T01:00:00Z,254.954
2024-12-12T02:00:00Z,251.887
2024-12-12T03:00:00Z,243.733
2024-12-12T04:00:00Z,217.878
2024-12-12T05:00:00Z,201.739
2024-12-12T06:00:00Z,211.35
2024-12-12T07:00:00Z,227.517
2024-12-12T08:00:00Z,224.671
2024-12-12T09:00:00Z,224.051
2024-12-12T10:00:00Z,223.334
2024-12-12T11:00:00Z,228.852
2024-12-12T12:00:00Z,225.574
2024-12-12T13:00:00Z,222.84
2024-12-12T14:00:00Z,220.704
2024-12-12T15:00:00Z,226.201
2024-12-12T16:00:00Z,244.346
2024-12-12T17:00:00Z,255.968
2024-12-12T18:00:00Z,269.125
2024-12-12T19:00:00Z,260.677
2024-12-12T20:00:00Z,249.035
2024-12-12T21:00:00Z,270.021
2024-12-12T22:00:00Z,268.654
2024-12-12T23:00:00Z,248.72
2024-12-13T00:00:00Z,252.311
2024-12-13T01:00:00Z,256.878
2024-12-13T02:00:00Z,249.64
2024-12-13T03:00:00Z,245.998
2024-12-13T04:00:00Z,240.411
2024-12-13T05:00:00Z,218.129
2024-12-13T06:00:00Z,212.121
2024-12-13T07:00:00Z,229.801
2024-12-13T08:00:00Z,244.613
2024-12-13T09:00:00Z,250.627
2024-12-13T10:00:00Z,237.916
2024-12-13T11:00:00Z,247.484
2024-12-13T12:00:00Z,236.541
2024-12-13T13:00:00Z,217.553
2024-12-13T14:00:00Z,210.695
2024-12-13T15:00:00Z,211.819
2024-12-13T16:00:00Z,236.069
2024-12-13T17:00:00Z,258.214
2024-12-13T18:00:00Z,278.586
2024-12-13T19:00:00Z,284.864
2024-12-13T20:00:00Z,285.441
2024-12-13T21:00:00Z,290.772
2024-12-13T22:00:00Z,279.219
2024-12-13T23:00:00Z,266.959
2024-12-14T00:00:00Z,248.28
2024-12-14T01:00:00Z,240.88
2024-12-14T02:00:00Z,225.8
2024-12-14T03:00:00Z,223.522
2024-12-14T04:00:00Z,217.453
2024-12-14T05:00:00Z,217.866
2024-12-14T06:00:00Z,215.636
2024-12-14T07:00:00Z,207.25
2024-12-14T08:00:00Z,225.685
2024-12-14T09:00:00Z,208.89
2024-12-14T10:00:00Z,190.035
2024-12-14T11:00:00Z,192.985
2024-12-14T12:00:00Z,187.291
2024-12-14T13:00:00Z,184.246
2024-12-14T14:00:00Z,184.722
2024-12-14T15:00:00Z,184.623
2024-12-14T16:00:00Z,200.256
2024-12-14T17:00:00Z,200.21
2024-12-14T18:00:00Z,203.193
2024-12-14T19:00:00Z,199.196
2024-12-14T20:00:00Z,188.837
2024-12-14T21:00:00Z,175.024
2024-12-14T22:00:00Z,163.279
2024-12-14T23:00:00Z,152.456
2024-12-15T00:00:00Z,136.446
2024-12-15T01:00:00Z,113.856
2024-12-15T02:00:00Z,101.923
2024-12-15T03:00:00Z,87.776
2024-12-15T04:00:00Z,84.954
2024-12-15T05:00:00Z,84.732
2024-12-15T06:00:00Z,84.946
2024-12-15T07:00:00Z,95.523
2024-12-15T08:00:00Z,101.364
2024-12-15T09:00:00Z,102
2024-12-15T10:00:00Z,100.105
2024-12-15T11:00:00Z,100.601
2024-12-15T12:00:00Z,101.688
2024-12-15T13:00:00Z,104.584
2024-12-15T14:00:00Z,109.718
2024-12-15T15:00:00Z,115.618
2024-12-15T16:00:00Z,116.908
2024-12-15T17:00:00Z,109.978
2024-12-15T18:00:00Z,107.437
2024-12-15T19:00:00Z,99.898
2024-12-15T20:00:00Z,95.936
2024-12-15T21:00:00Z,92.558
2024-12-15T22:00:00Z,87.497
2024-12-15T23:00:00Z,84.241
2024-12-16T00:00:00Z,86.93
2024-12-16T01:00:00Z,86.726
2024-12-16T02:00:00Z,84.37
2024-12-16T03:00:00Z,80.021
2024-12-16T04:00:00Z,81.348
2024-12-16T05:00:00Z,83.188
2024-12-16T06:00:00Z,100.91
2024-12-16T07:00:00Z,135.753
2024-12-16T08:00:00Z,144.607
2024-12-16T09:00:00Z,147.792
2024-12-16T10:00:00Z,146.081
2024-12-16T11:00:00Z,146.421
2024-12-16T12:00:00Z,150.463
2024-12-16T13:00:00Z,151.255
2024-12-16T14:00:00Z,155.357
2024-12-16T15:00:00Z,161.569
2024-12-16T16:00:00Z,164.385
2024-12-16T17:00:00Z,156.662
2024-12-16T18:00:00Z,157.215
2024-12-16T19:00:00Z,157.858
2024-12-16T20:00:00Z,155.548
2024-12-16T21:00:00Z,153.119
2024-12-16T22:00:00Z,164.668
2024-12-16T23:00:00Z,138.216
2024-12-17T00:00:00Z,131.962
2024-12-17T01:00:00Z,136.114
2024-12-17T02:00:00Z,143.117
2024-12-17T03:00:00Z,154.029
2024-12-17T04:00:00Z,166.9
2024-12-17T05:00:00Z,199.019
2024-12-17T06:00:00Z,195.63
2024-12-17T07:00:00Z,217.69
2024-12-17T08:00:00Z,219.711
2024-12-17T09:00:00Z,226.306
2024-12-17T10:00:00Z,226.247
2024-12-17T11:00:00Z,201.075
2024-12-17T12:00:00Z,171.369
2024-12-17T13:00:00Z,151.966
2024-12-17T14:00:00Z,131.708
2024-12-17T15:00:00Z,136.417
2024-12-17T16:00:00Z,145.784
2024-12-17T17:00:00Z,151.181
2024-12-17T18:00:00Z,152.975
2024-12-17T19:00:00Z,130.169
2024-12-17T20:00:00Z,133.013
2024-12-17T21:00:00Z,118.189
2024-12-17T22:00:00Z,102.24
2024-12-17T23:00:00Z,63.766
2024-12-18T00:00:00Z,64.922
2024-12-18T01:00:00Z,61.106
2024-12-18T02:00:00Z,58.307
2024-12-18T03:00:00Z,58.082
2024-12-18T04:00:00Z,58.695
2024-12-18T05:00:00Z,57.509
2024-12-18T06:00:00Z,61.274
2024-12-18T07:00:00Z,68.621
2024-12-18T08:00:00Z,80.862
2024-12-18T09:00:00Z,78.038
2024-12-18T10:00:00Z,74.76
2024-12-18T11:00:00Z,74.722
2024-12-18T12:00:00Z,69.501
2024-12-18T13:00:00Z,69.117
2024-12-18T14:00:00Z,73.512
2024-12-18T15:00:00Z,83.188
2024-12-18T16:00:00Z,94.107
2024-12-18T17:00:00Z,100.682
2024-12-18T18:00:00Z,93.532
2024-12-18T19:00:00Z,80.818
2024-12-18T20:00:00Z,74.757
2024-12-18T21:00:00Z,74.38
2024-12-18T22:00:00Z,73.357
2024-12-18T23:00:00Z,70.712
2024-12-19T00:00:00Z,67.312
2024-12-19T01:00:00Z,69.719
2024-12-19T02:00:00Z,69.817
2024-12-19T03:00:00Z,67.72
2024-12-19T04:00:00Z,69.301
2024-12-19T05:00:00Z,64.007
2024-12-19T06:00:00Z,69.731
2024-12-19T07:00:00Z,82.373
2024-12-19T08:00:00Z,85.913
2024-12-19T09:00:00Z,84.208
2024-12-19T10:00:00Z,78.758
2024-12-19T11:00:00Z,71.296
2024-12-19T12:00:00Z,67.602
2024-12-19T13:00:00Z,68.114
2024-12-19T14:00:00Z,71.42
2024-12-19T15:00:00Z,78.559
2024-12-19T16:00:00Z,92.208
2024-12-19T17:00:00Z,111.959
2024-12-19T18:00:00Z,112.904
2024-12-19T19:00:00Z,107.543
2024-12-19T20:00:00Z,105.014
2024-12-19T21:00:00Z,103.796
2024-12-19T22:00:00Z,104.374
2024-12-19T23:00:00Z,105.305
2024-12-20T00:00:00Z,111.311
2024-12-20T01:00:00Z,114.415
2024-12-20T02:00:00Z,113.102
2024-12-20T03:00:00Z,111.244
2024-12-20T04:00:00Z,117.562
2024-12-20T05:00:00Z,130.713
2024-12-20T06:00:00Z,149.124
2024-12-20T07:00:00Z,161.833
2024-12-20T08:00:00Z,160.06
2024-12-20T09:00:00Z,151.69
2024-12-20T10:00:00Z,137.242
2024-12-20T11:00:00Z,132.938
2024-12-20T12:00:00Z,123.246
2024-12-20T13:00:00Z,118.019
2024-12-20T14:00:00Z,112.745
2024-12-20T15:00:00Z,110.567
2024-12-20T16:00:00Z,117.339
2024-12-20T17:00:00Z,124.74
2024-12-20T18:00:00Z,121.078
2024-12-20T19:00:00Z,107.57
2024-12-20T20:00:00Z,97.938
2024-12-20T21:00:00Z,98.226
2024-12-20T22:00:00Z,96.136
2024-12-20T23:00:00Z,72.514
2024-12-21T00:00:00Z,93.453
2024-12-21T01:00:00Z,93.285
2024-12-21T02:00:00Z,85.837
2024-12-21T03:00:00Z,79.621
2024-12-21T04:00:00Z,82.858
2024-12-21T05:00:00Z,81.364
2024-12-21T06:00:00Z,76.745
2024-12-21T07:00:00Z,82.953
2024-12-21T08:00:00Z,80.677
2024-12-21T09:00:00Z,76.565
2024-12-21T10:00:00Z,71.127
2024-12-21T11:00:00Z,70.098
2024-12-21T12:00:00Z,67.757
2024-12-21T13:00:00Z,65.734
2024-12-21T14:00:00Z,64.521
2024-12-21T15:00:00Z,64.159
2024-12-21T16:00:00Z,65.213
2024-12-21T17:00:00Z,67.877
2024-12-21T18:00:00Z,69.227
2024-12-21T19:00:00Z,68.284
2024-12-21T20:00:00Z,68.146
2024-12-21T21:00:00Z,68.825
2024-12-21T22:00:00Z,68.899
2024-12-21T23:00:00Z,69.504
2024-12-22T00:00:00Z,70.464
2024-12-22T01:00:00Z,69.483
2024-12-22T02:00:00Z,64.792
2024-12-22T03:00:00Z,65.052
2024-12-22T04:00:00Z,59.679
2024-12-22T05:00:00Z,58.051
2024-12-22T06:00:00Z,58.977
2024-12-22T07:00:00Z,64.227
2024-12-22T08:00:00Z,60.63
2024-12-22T09:00:00Z,62.492
2024-12-22T10:00:00Z,56.76
2024-12-22T11:00:00Z,53.726
2024-12-22T12:00:00Z,55.086
2024-12-22T13:00:00Z,59.118
2024-12-22T14:00:00Z,59.31
2024-12-22T15:00:00Z,59.82
2024-12-22T16:00:00Z,67.303
2024-12-22T17:00:00Z,76.282
2024-12-22T18:00:00Z,75.341
2024-12-22T19:00:00Z,77.328
2024-12-22T20:00:00Z,75.321
2024-12-22T21:00:00Z,76.707
2024-12-22T22:00:00Z,70.147
2024-12-22T23:00:00Z,69.294
2024-12-23T00:00:00Z,62.266
2024-12-23T01:00:00Z,63.2
2024-12-23T02:00:00Z,62.636
2024-12-23T03:00:00Z,62.906
2024-12-23T04:00:00Z,63.442
2024-12-23T05:00:00Z,70.75
2024-12-23T06:00:00Z,85.2
2024-12-23T07:00:00Z,92.867
2024-12-23T08:00:00Z,92.403
2024-12-23T09:00:00Z,88.767
2024-12-23T10:00:00Z,86.26
2024-12-23T11:00:00Z,87.206
2024-12-23T12:00:00Z,93.115
2024-12-23T13:00:00Z,101.808
2024-12-23T14:00:00Z,120.906
2024-12-23T15:00:00Z,138.979
2024-12-23T16:00:00Z,152.035
2024-12-23T17:00:00Z,160.473
2024-12-23T18:00:00Z,163.432
2024-12-23T19:00:00Z,171.378
2024-12-23T20:00:00Z,179.608
2024-12-23T21:00:00Z,180.589
2024-12-23T22:00:00Z,175.558
2024-12-23T23:00:00Z,155.971
2024-12-24T00:00:00Z,126.375
2024-12-24T01:00:00Z,96.63
2024-12-24T02:00:00Z,79.737
2024-12-24T03:00:00Z,78.126
2024-12-24T04:00:00Z,78.203
2024-12-24T05:00:00Z,81.06
2024-12-24T06:00:00Z,103.897
2024-12-24T07:00:00Z,134.472
2024-12-24T08:00:00Z,151.558
2024-12-24T09:00:00Z,160.761
2024-12-24T10:00:00Z,160.112
2024-12-24T11:00:00Z,169.985
2024-12-24T12:00:00Z,165.446
2024-12-24T13:00:00Z,166.421
2024-12-24T14:00:00Z,161.278
2024-12-24T15:00:00Z,155.21
2024-12-24T16:00:00Z,171.428
2024-12-24T17:00:00Z,217.611
2024-12-24T18:00:00Z,228.286
2024-12-24T19:00:00Z,230.527
2024-12-24T20:00:00Z,216.155
2024-12-24T21:00:00Z,201.634
2024-12-24T22:00:00Z,175.789
2024-12-24T23:00:00Z,161.304
2024-12-25T00:00:00Z,161.712
2024-12-25T01:00:00Z,154.285
2024-12-25T02:00:00Z,116.771
2024-12-25T03:00:00Z,89.004
2024-12-25T04:00:00Z,84.39
2024-12-25T05:00:00Z,86.89
2024-12-25T06:00:00Z,99.777
2024-12-25T07:00:00Z,93.027
2024-12-25T08:00:00Z,93.372
2024-12-25T09:00:00Z,88.465
2024-12-25T10:00:00Z,93.417
2024-12-25T11:00:00Z,93.133
2024-12-25T12:00:00Z,94.914
2024-12-25T13:00:00Z,93.211
2024-12-25T14:00:00Z,103.225
2024-12-25T15:00:00Z,121.741
2024-12-25T16:00:00Z,138.659
2024-12-25T17:00:00Z,151.861
2024-12-25T18:00:00Z,158.155
2024-12-25T19:00:00Z,170.031
2024-12-25T20:00:00Z,165.901
2024-12-25T21:00:00Z,174.568
2024-12-25T22:00:00Z,201.685
2024-12-25T23:00:00Z,214.024
2024-12-26T00:00:00Z,199.127
2024-12-26T01:00:00Z,180.653
2024-12-26T02:00:00Z,142.02
2024-12-26T03:00:00Z,128.303
2024-12-26T04:00:00Z,143.588
2024-12-26T05:00:00Z,170.056
2024-12-26T06:00:00Z,190.843
2024-12-26T07:00:00Z,186.684
2024-12-26T08:00:00Z,185.578
2024-12-26T09:00:00Z,175.74
2024-12-26T10:00:00Z,162.141
2024-12-26T11:00:00Z,171.425
2024-12-26T12:00:00Z,168.636
2024-12-26T13:00:00Z,160.218
2024-12-26T14:00:00Z,155.676
2024-12-26T15:00:00Z,161.951
2024-12-26T16:00:00Z,161.278
2024-12-26T17:00:00Z,176.296
2024-12-26T18:00:00Z,183.287
2024-12-26T19:00:00Z,172.414
2024-12-26T20:00:00Z,171.612
2024-12-26T21:00:00Z,199.588
2024-12-26T22:00:00Z,210.298
2024-12-26T23:00:00Z,212.215
2024-12-27T00:00:00Z,213.732
2024-12-27T01:00:00Z,198.699
2024-12-27T02:00:00Z,178.673
2024-12-27T03:00:00Z,142.823
2024-12-27T04:00:00Z,167.633
2024-12-27T05:00:00Z,160.756
2024-12-27T06:00:00Z,156.507
2024-12-27T07:00:00Z,161.714
2024-12-27T08:00:00Z,181.624
2024-12-27T09:00:00Z,191.368
2024-12-27T10:00:00Z,202.25
2024-12-27T11:00:00Z,218.242
2024-12-27T12:00:00Z,194.047
2024-12-27T13:00:00Z,178.128
2024-12-27T14:00:00Z,172.778
2024-12-27T15:00:00Z,160.185
2024-12-27T16:00:00Z,161.832
2024-12-27T17:00:00Z,188.556
2024-12-27T18:00:00Z,188.814
2024-12-27T19:00:00Z,187.368
2024-12-27T20:00:00Z,197.824
2024-12-27T21:00:00Z,224.574
2024-12-27T22:00:00Z,253.909
2024-12-27T23:00:00Z,221.993
2024-12-28T00:00:00Z,242.726
2024-12-28T01:00:00Z,243.06
2024-12-28T02:00:00Z,217.749
2024-12-28T03:00:00Z,202.008
2024-12-28T04:00:00Z,204.79
2024-12-28T05:00:00Z,206.545
2024-12-28T06:00:00Z,187.727
2024-12-28T07:00:00Z,189.081
2024-12-28T08:00:00Z,186.022
2024-12-28T09:00:00Z,175.545
2024-12-28T10:00:00Z,167.087
2024-12-28T11:00:00Z,171.852
2024-12-28T12:00:00Z,171.928
2024-12-28T13:00:00Z,173.709
2024-12-28T14:00:00Z,168.85
2024-12-28T15:00:00Z,164.612
2024-12-28T16:00:00Z,176.26
2024-12-28T17:00:00Z,209.718
2024-12-28T18:00:00Z,229.979
2024-12-28T19:00:00Z,238.106
2024-12-28T20:00:00Z,234.252
2024-12-28T21:00:00Z,242.923
2024-12-28T22:00:00Z,243.523
2024-12-28T23:00:00Z,210.446
2024-12-29T00:00:00Z,204.597
2024-12-29T01:00:00Z,215.146
2024-12-29T02:00:00Z,199.602
2024-12-29T03:00:00Z,167.674
2024-12-29T04:00:00Z,150.657
2024-12-29T05:00:00Z,153.55
2024-12-29T06:00:00Z,176.021
2024-12-29T07:00:00Z,168.411
2024-12-29T08:00:00Z,183.596
2024-12-29T09:00:00Z,188.807
2024-12-29T10:00:00Z,192.743
2024-12-29T11:00:00Z,206.716
2024-12-29T12:00:00Z,206.138
2024-12-29T13:00:00Z,201.117
2024-12-29T14:00:00Z,182.815
2024-12-29T15:00:00Z,177.606
2024-12-29T16:00:00Z,193.98
2024-12-29T17:00:00Z,205.513
2024-12-29T18:00:00Z,197.926
2024-12-29T19:00:00Z,199.455
2024-12-29T20:00:00Z,194.427
2024-12-29T21:00:00Z,188.597
2024-12-29T22:00:00Z,174.276
2024-12-29T23:00:00Z,148.189
2024-12-30T00:00:00Z,136.453
2024-12-30T01:00:00Z,134.266
2024-12-30T02:00:00Z,126.041
2024-12-30T03:00:00Z,119.173
2024-12-30T04:00:00Z,117.413
2024-12-30T05:00:00Z,124.388
2024-12-30T06:00:00Z,137.238
2024-12-30T07:00:00Z,146.892
2024-12-30T08:00:00Z,150.146
2024-12-30T09:00:00Z,156.156
2024-12-30T10:00:00Z,149.895
2024-12-30T11:00:00Z,141.443
2024-12-30T12:00:00Z,142.223
2024-12-30T13:00:00Z,144.832
2024-12-30T14:00:00Z,146.719
2024-12-30T15:00:00Z,150.054
2024-12-30T16:00:00Z,147.091
2024-12-30T17:00:00Z,156.327
2024-12-30T18:00:00Z,157.882
2024-12-30T19:00:00Z,153.668
2024-12-30T20:00:00Z,143.536
2024-12-30T21:00:00Z,140.783
2024-12-30T22:00:00Z,131.538
2024-12-30T23:00:00Z,118.104
2024-12-31T00:00:00Z,111.909
2024-12-31T01:00:00Z,106.752
2024-12-31T02:00:00Z,104.653
2024-12-31T03:00:00Z,95.357
2024-12-31T04:00:00Z,96.66
2024-12-31T05:00:00Z,97.629
2024-12-31T06:00:00Z,101.449
2024-12-31T07:00:00Z,103.942
2024-12-31T08:00:00Z,102.43
2024-12-31T09:00:00Z,102.541
2024-12-31T10:00:00Z,100.949
2024-12-31T11:00:00Z,100.091
2024-12-31T12:00:00Z,98.949
2024-12-31T13:00:00Z,93.958
2024-12-31T14:00:00Z,94.263
2024-12-31T15:00:00Z,97.759
2024-12-31T16:00:00Z,101.114
2024-12-31T17:00:00Z,99.983
2024-12-31T18:00:00Z,96.859
2024-12-31T19:00:00Z,92.034
2024-12-31T20:00:00Z,86.169
2024-12-31T21:00:00Z,84.77
2024-12-31T22:00:00Z,81.773
2024-12-31T23:00:00Z,75.867
